upc,store,week,feature_desc,display_desc,geography
601011292,322,83,Interior Page Feature,Rear End Cap,2
601011292,260,84,Not on Feature,Mid-Aisle End,2
601011292,248,84,Not on Feature,Rear End Cap,2
601011296,216,83,Interior Page Feature,Rear End Cap,1
601011588,370,98,Interior Page Feature,Not on Display,2
1510000007,297,55,Interior Page Feature,Not on Display,2
1510000007,245,55,Interior Page Feature,Not on Display,2
1510000007,245,56,Interior Page Feature,Not on Display,2
1510000043,228,79,Front Page Feature,Not on Display,2
1510000043,256,55,Interior Page Feature,Not on Display,2
1510000163,244,56,Interior Page Feature,Rear End Cap,2
1510000163,378,62,Interior Page Feature,Not on Display,2
1510000163,378,62,Interior Page Feature,Not on Display,2
1510000163,378,79,Front Page Feature,Not on Display,2
1510000163,258,56,Interior Page Feature,Not on Display,2
1510000163,248,56,Interior Page Feature,Not on Display,2
1510000163,279,79,Front Page Feature,Not on Display,2
1510000167,290,79,Front Page Feature,Not on Display,2
1510000167,228,62,Interior Page Feature,Not on Display,2
1600047090,88,48,Not on Feature,Secondary Loca,1
2066200022,297,49,Interior Page Feature,Not on Display,2
2066200022,383,49,Interior Page Feature,Not on Display,2
2066200028,297,49,Interior Page Feature,Not on Display,2
2066200265,297,49,Interior Page Feature,Not on Display,2
2700042232,361,67,Interior Page Feature,Not on Display,2
2700042232,230,92,Interior Page Feature,Not on Display,2
2700042232,337,68,Interior Page Feature,Rear End Cap,2
2700042238,89,86,Front Page Feature,Not on Display,1
2700042238,373,68,Interior Page Feature,Rear End Cap,2
2700042238,160,86,Front Page Feature,Not on Display,1
2700042238,380,67,Interior Page Feature,Rear End Cap,2
2700042239,361,67,Interior Page Feature,Not on Display,2
2700042239,259,92,Interior Page Feature,Not on Display,2
2700042240,337,68,Interior Page Feature,Not on Display,2
2700042240,339,68,Interior Page Feature,Rear End Cap,2
2700042254,230,67,Interior Page Feature,Not on Display,2
2700042254,230,92,Interior Page Feature,Not on Display,2
2700042273,361,67,Interior Page Feature,Not on Display,2
2700042273,19,67,Wrap Interior Feature,Not on Display,1
2700042273,259,92,Interior Page Feature,Not on Display,2
2700042273,230,67,Interior Page Feature,Not on Display,2
2700042273,230,92,Interior Page Feature,Not on Display,2
2700042273,372,67,Interior Page Feature,Not on Display,2
2700042292,240,92,Interior Page Feature,Not on Display,2
2700042292,339,68,Interior Page Feature,Not on Display,2
2920000206,368,58,Interior Page Feature,Not on Display,2
2920000206,260,52,Interior Page Feature,Not on Display,2
2920000212,361,52,Interior Page Feature,Not on Display,2
2920000212,24,52,Interior Page Feature,Not on Display,1
2920000212,345,58,Interior Page Feature,Not on Display,2
2920000213,92,71,Not on Feature,Rear End Cap,1
2920000214,328,52,Interior Page Feature,Rear End Cap,2
2920000215,345,58,Interior Page Feature,Not on Display,2
2920000301,121,52,Interior Page Feature,Not on Display,1
2920000350,19,52,Interior Page Feature,Not on Display,1
2920000351,31,52,Interior Page Feature,Not on Display,1
3620000217,186,79,Front Page Feature,Not on Display,1
3620000217,39,79,Front Page Feature,Not on Display,1
3620000217,283,55,Interior Page Feature,Not on Display,2
3620000217,283,63,Front Page Feature,Not on Display,2
3620000217,255,69,Interior Page Feature,Not on Display,2
3620000217,255,79,Front Page Feature,Not on Display,2
3620000217,38,55,Wrap Interior Feature,Not on Display,1
3620000217,308,85,Interior Page Feature,Not on Display,2
3620000217,379,69,Interior Page Feature,Not on Display,2
3620000218,283,63,Front Page Feature,Not on Display,2
3620000218,255,79,Front Page Feature,Front End Cap,2
3620000218,38,55,Wrap Interior Feature,Not on Display,1
3620000250,27,55,Wrap Interior Feature,Rear End Cap,1
3620000250,73,80,Not on Feature,Rear End Cap,1
3620000250,1,79,Front Page Feature,Front End Cap,1
3620000250,108,57,Not on Feature,Rear End Cap,1
3620000250,207,87,Not on Feature,Promo/Seasonal,1
3620000250,196,69,Interior Page Feature,Not on Display,1
3620000250,216,91,Not on Feature,In-Shelf,1
3620000250,110,79,Front Page Feature,Not on Display,1
3620000250,194,86,Not on Feature,In-Shelf,1
3620000250,143,86,Not on Feature,In-Shelf,1
3620000250,143,103,Interior Page Feature,Not on Display,1
3620000250,270,44,Front Page Feature,Mid-Aisle End,2
3620000250,261,79,Front Page Feature,Not on Display,2
3620000250,244,56,Interior Page Feature,Rear End Cap,2
3620000250,307,63,Front Page Feature,Not on Display,2
3620000250,240,44,Front Page Feature,Rear End Cap,2
3620000250,266,63,Front Page Feature,Rear End Cap,2
3620000250,322,63,Front Page Feature,Not on Display,2
3620000250,282,85,Interior Page Feature,In-Shelf,2
3620000250,282,55,Interior Page Feature,Front End Cap,2
3620000250,282,80,Not on Feature,Front End Cap,2
3620000250,257,63,Front Page Feature,Store Front,2
3620000250,280,44,Front Page Feature,Front End Cap,2
3620000250,285,94,Interior Page Feature,Not on Display,2
3620000250,368,63,Front Page Feature,In-Aisle,2
3620000250,368,86,Interior Page Feature,Not on Display,2
3620000250,378,44,Front Page Feature,Rear End Cap,2
3620000250,378,75,Not on Feature,Rear End Cap,2
3620000250,378,85,Interior Page Feature,In-Shelf,2
3620000250,378,88,Not on Feature,In-Shelf,2
3620000250,337,79,Front Page Feature,Not on Display,2
3620000250,358,87,Not on Feature,Promo/Seasonal,2
3620000250,362,63,Front Page Feature,Not on Display,2
3620000250,354,69,Interior Page Feature,Front End Cap,2
3620000250,341,63,Front Page Feature,Rear End Cap,2
3620000250,378,94,Interior Page Feature,Rear End Cap,2
3620000250,381,63,Front Page Feature,Not on Display,2
3620000250,368,44,Front Page Feature,Not on Display,2
3620000300,110,79,Front Page Feature,Rear End Cap,1
3620000300,175,64,Interior Page Feature,Rear End Cap,1
3620000300,258,63,Front Page Feature,Front End Cap,2
3620000300,258,104,Interior Page Feature,Not on Display,2
3620000300,227,52,Not on Feature,In-Shelf,2
3620000300,244,56,Interior Page Feature,Rear End Cap,2
3620000300,248,63,Front Page Feature,Not on Display,2
3620000300,248,64,Not on Feature,Store Rear,2
3620000300,287,44,Front Page Feature,Rear End Cap,2
3620000300,341,56,Interior Page Feature,Not on Display,2
3620000300,360,57,Not on Feature,Rear End Cap,2
3620000300,303,69,Interior Page Feature,Not on Display,2
3620000300,378,44,Front Page Feature,Rear End Cap,2
3620000300,317,95,Not on Feature,Rear End Cap,2
3620000300,374,44,Front Page Feature,Secondary Loca,2
3620000300,374,63,Front Page Feature,Front End Cap,2
3620000300,341,85,Interior Page Feature,In-Shelf,2
3620000300,319,69,Interior Page Feature,Front End Cap,2
3620000300,362,44,Front Page Feature,Rear End Cap,2
3620000300,362,63,Front Page Feature,Rear End Cap,2
3620000300,326,44,Front Page Feature,Rear End Cap,2
3620000350,277,44,Front Page Feature,Not on Display,2
3620000350,328,104,Interior Page Feature,Not on Display,2
3620000350,308,85,Interior Page Feature,Rear End Cap,2
3620000350,271,69,Interior Page Feature,Not on Display,2
3620000350,347,79,Front Page Feature,Not on Display,2
3620000350,341,85,Interior Page Feature,In-Shelf,2
3620000350,280,104,Interior Page Feature,Rear End Cap,2
3620000350,265,94,Interior Page Feature,Not on Display,2
3620000350,287,44,Front Page Feature,Not on Display,2
3620000432,268,90,Interior Page Feature,Not on Display,2
3620000439,322,56,Not on Feature,In-Aisle,2
3620000440,230,79,Front Page Feature,Rear End Cap,2
3620000440,228,79,Front Page Feature,Not on Display,2
3620000440,52,79,Front Page Feature,Not on Display,1
3620000440,270,55,Interior Page Feature,Mid-Aisle End,2
3620000440,293,44,Front Page Feature,Rear End Cap,2
3620000440,341,69,Interior Page Feature,Not on Display,2
3620000440,341,69,Interior Page Feature,Not on Display,2
3620000440,378,44,Front Page Feature,Rear End Cap,2
3620000440,322,86,Interior Page Feature,Promo/Seasonal,2
3620000440,319,69,Interior Page Feature,Front End Cap,2
3620000440,341,88,Not on Feature,Promo/Seasonal,2
3620000440,324,79,Front Page Feature,Rear End Cap,2
3620000440,280,63,Front Page Feature,Not on Display,2
3620000440,383,104,Interior Page Feature,Not on Display,2
3620000440,378,85,Interior Page Feature,In-Shelf,2
3620000441,266,79,Front Page Feature,Not on Display,2
3620000441,308,44,Front Page Feature,Not on Display,2
3620000441,356,63,Front Page Feature,Not on Display,2
3620000441,356,79,Front Page Feature,Not on Display,2
3620000441,298,44,Front Page Feature,Not on Display,2
3620000441,326,44,Front Page Feature,Not on Display,2
3620000441,326,63,Front Page Feature,Not on Display,2
3620000441,326,72,Not on Feature,Mid-Aisle End,2
3620000441,378,94,Interior Page Feature,Not on Display,2
3620000442,332,94,Interior Page Feature,Not on Display,2
3620000442,289,55,Interior Page Feature,Not on Display,2
3620000442,226,85,Interior Page Feature,Not on Display,2
3620000442,368,56,Interior Page Feature,Rear End Cap,2
3620000442,368,85,Interior Page Feature,Not on Display,2
3620000442,341,55,Interior Page Feature,Not on Display,2
3620000442,379,69,Interior Page Feature,Not on Display,2
3620000442,379,79,Front Page Feature,Not on Display,2
3620000444,193,83,Not on Feature,Secondary Loca,1
3620000444,92,79,Front Page Feature,Not on Display,1
3620000444,251,55,Interior Page Feature,Front End Cap,2
3620000444,341,63,Front Page Feature,Not on Display,2
3620000444,259,56,Interior Page Feature,Mid-Aisle End,2
3620000444,360,79,Front Page Feature,Not on Display,2
3620000444,356,56,Interior Page Feature,Not on Display,2
3620000444,306,55,Interior Page Feature,Not on Display,2
3620000444,279,86,Interior Page Feature,Not on Display,2
3620000444,354,69,Interior Page Feature,Front End Cap,2
3620000444,266,44,Front Page Feature,Not on Display,2
3620000444,337,86,Interior Page Feature,Not on Display,2
3620000444,378,85,Interior Page Feature,In-Shelf,2
3620000444,378,103,Interior Page Feature,Not on Display,2
3620000444,371,55,Interior Page Feature,Not on Display,2
3620000445,259,56,Interior Page Feature,Mid-Aisle End,2
3620000445,230,63,Front Page Feature,Rear End Cap,2
3620000445,259,69,Interior Page Feature,Not on Display,2
3620000445,259,94,Interior Page Feature,Not on Display,2
3620000445,259,104,Interior Page Feature,Mid-Aisle End,2
3620000445,229,44,Front Page Feature,Not on Display,2
3620000445,31,79,Front Page Feature,Rear End Cap,1
3620000445,52,79,Front Page Feature,Not on Display,1
3620000445,244,86,Interior Page Feature,Not on Display,2
3620000445,251,104,Interior Page Feature,Not on Display,2
3620000445,277,63,Front Page Feature,Not on Display,2
3620000445,382,86,Interior Page Feature,Not on Display,2
3620000445,356,56,Interior Page Feature,Not on Display,2
3620000445,356,69,Interior Page Feature,Not on Display,2
3620000445,356,79,Front Page Feature,Rear End Cap,2
3620000445,356,104,Interior Page Feature,Not on Display,2
3620000445,326,63,Front Page Feature,Rear End Cap,2
3620000445,299,56,Interior Page Feature,Not on Display,2
3620000445,378,103,Interior Page Feature,Not on Display,2
3620000446,255,69,Interior Page Feature,Not on Display,2
3620000446,245,94,Interior Page Feature,Not on Display,2
3620000446,356,63,Front Page Feature,Not on Display,2
3620000446,279,79,Front Page Feature,Not on Display,2
3620000464,259,69,Interior Page Feature,Not on Display,2
3620000464,186,44,Interior Page Feature,Not on Display,1
3620000464,12,44,Interior Page Feature,Not on Display,1
3620000464,309,69,Interior Page Feature,Not on Display,2
3620000464,289,55,Interior Page Feature,Not on Display,2
3620000464,341,55,Interior Page Feature,Rear End Cap,2
3620000464,309,69,Interior Page Feature,Not on Display,2
3620000464,368,56,Interior Page Feature,Not on Display,2
3620000464,282,79,Front Page Feature,Not on Display,2
3620000464,337,85,Interior Page Feature,Not on Display,2
3620000468,197,56,Interior Page Line Item,Not on Display,1
3620000468,69,79,Front Page Feature,Rear End Cap,1
3620000468,157,79,Front Page Feature,Store Rear,1
3620000468,249,69,Interior Page Feature,Not on Display,2
3620000468,266,79,Front Page Feature,Not on Display,2
3620000468,309,69,Interior Page Feature,Not on Display,2
3620000468,258,79,Front Page Feature,Not on Display,2
3620000468,341,94,Interior Page Feature,Not on Display,2
3620000468,280,63,Front Page Feature,Not on Display,2
3620000470,278,89,Not on Feature,Secondary Loca,2
3620000473,322,104,Interior Page Feature,Not on Display,2
3620000473,268,90,Interior Page Feature,Not on Display,2
3620000473,278,89,Not on Feature,Secondary Loca,2
3620000473,282,104,Interior Page Feature,Front End Cap,2
3620000473,379,90,Interior Page Feature,Not on Display,2
3620000474,132,91,Interior Page Feature,Not on Display,1
3620000474,234,90,Interior Page Feature,Not on Display,2
3620000476,278,89,Not on Feature,Secondary Loca,2
3620000480,157,79,Front Page Feature,Store Rear,1
3620000480,308,69,Interior Page Feature,Not on Display,2
3620000480,378,44,Front Page Feature,Not on Display,2
3620000480,376,63,Front Page Feature,Not on Display,2
3620000480,309,56,Interior Page Feature,Front End Cap,2
3620000480,324,79,Front Page Feature,Not on Display,2
3620000482,230,63,Front Page Feature,Not on Display,2
3620000482,240,44,Front Page Feature,Not on Display,2
3620000482,266,44,Front Page Feature,Not on Display,2
3620000482,266,63,Front Page Feature,Not on Display,2
3620000482,165,56,Interior Page Line Item,Not on Display,1
3620000482,341,69,Interior Page Feature,Not on Display,2
3620000482,326,44,Front Page Feature,Not on Display,2
3620000488,215,55,Wrap Interior Feature,Not on Display,1
3620000488,179,55,Wrap Interior Feature,Not on Display,1
3620000488,309,69,Interior Page Feature,Not on Display,2
3620000488,282,56,Interior Page Feature,Not on Display,2
3620000488,282,104,Interior Page Feature,Not on Display,2
3620000488,337,63,Front Page Feature,Not on Display,2
3620000488,379,79,Front Page Feature,Not on Display,2
3620000489,335,56,Interior Page Feature,Not on Display,2
3620000489,234,80,Not on Feature,Rear End Cap,2
3620000489,337,63,Front Page Feature,Not on Display,2
3620000489,322,104,Interior Page Feature,Not on Display,2
3620000489,347,56,Interior Page Feature,Not on Display,2
3620000489,362,63,Front Page Feature,Not on Display,2
3620000489,285,94,Interior Page Feature,Not on Display,2
3620000493,322,91,Not on Feature,Rear End Cap,2
3620000493,322,104,Interior Page Feature,Not on Display,2
3620000507,300,104,Interior Page Feature,Not on Display,2
3620001365,228,56,Interior Page Feature,Not on Display,2
3620001365,12,44,Interior Page Feature,Not on Display,1
3620001365,101,79,Front Page Feature,Not on Display,1
3620001365,258,79,Front Page Feature,Not on Display,2
3620001365,280,44,Front Page Feature,Not on Display,2
3620001365,165,56,Interior Page Line Item,Not on Display,1
3620001365,309,56,Interior Page Feature,Not on Display,2
3620001368,110,79,Front Page Feature,Not on Display,1
3620001369,283,44,Front Page Feature,Not on Display,2
3620001369,228,103,Interior Page Feature,Not on Display,2
3620001369,254,85,Interior Page Feature,Not on Display,2
3620001369,298,69,Interior Page Feature,Not on Display,2
3620001369,322,85,Interior Page Feature,Not on Display,2
3620001369,337,69,Interior Page Feature,Not on Display,2
3620001369,337,63,Front Page Feature,Not on Display,2
3620001369,308,85,Interior Page Feature,Not on Display,2
3620001375,27,55,Wrap Interior Feature,Not on Display,1
3620001375,19,79,Front Page Feature,Not on Display,1
3620001375,143,69,Interior Page Feature,Not on Display,1
3620001375,101,79,Front Page Feature,Not on Display,1
3620001375,228,69,Interior Page Feature,Not on Display,2
3620001375,228,86,Interior Page Feature,Not on Display,2
3620001375,283,44,Front Page Feature,Not on Display,2
3620001375,378,44,Front Page Feature,Not on Display,2
3620001375,368,44,Front Page Feature,Not on Display,2
3620001375,282,79,Front Page Feature,Not on Display,2
3620001375,347,56,Interior Page Feature,Not on Display,2
3620001375,379,44,Front Page Feature,Not on Display,2
3620001375,270,59,Not on Feature,Mid-Aisle End,2
3620001376,194,79,Front Page Feature,Store Front,1
3620001401,317,53,Not on Feature,Rear End Cap,2
3620001403,48,79,Front Page Feature,Not on Display,1
3620001405,347,56,Interior Page Feature,Not on Display,2
3620001411,72,52,Interior Page Feature,Not on Display,1
3620001495,184,47,Interior Page Feature,Not on Display,1
3620004154,197,77,Not on Feature,Secondary Loca,1
3620004155,197,77,Not on Feature,Side-Aisle End,1
3620004155,356,79,Front Page Feature,Not on Display,2
3800007266,381,61,Interior Page Line Item,Not on Display,2
3800007268,207,61,Interior Page Line Item,Not on Display,1
3800007268,217,61,Interior Page Line Item,Not on Display,1
4112900005,216,49,Interior Page Feature,Not on Display,1
4112900006,216,49,Interior Page Feature,Not on Display,1
4112907700,101,95,Front Page Feature,Rear End Cap,1
4112907700,164,97,Not on Feature,In-Shelf,1
4112907700,259,49,Interior Page Feature,Not on Display,2
4112907700,268,68,Interior Page Feature,Not on Display,2
4112907700,268,87,Interior Page Feature,Not on Display,2
4112907700,278,67,Interior Page Feature,Not on Display,2
4112907700,322,98,Not on Feature,In-Shelf,2
4112907700,368,67,Interior Page Feature,Not on Display,2
4112907700,379,49,Interior Page Feature,Not on Display,2
4112907702,226,81,Interior Page Feature,Not on Display,2
4112907712,168,95,Front Page Feature,In-Shelf,1
4112907712,71,49,Interior Page Feature,Not on Display,1
4112907712,95,81,Interior Page Feature,Rear End Cap,1
4112907712,93,97,Not on Feature,In-Aisle,1
4112907712,306,67,Interior Page Feature,Not on Display,2
4112907712,297,83,Not on Feature,In-Shelf,2
4112907712,373,98,Not on Feature,In-Shelf,2
4112907762,306,67,Interior Page Feature,Not on Display,2
4112907762,309,88,Not on Feature,Rear End Cap,2
4112907763,135,81,Interior Page Feature,Not on Display,1
4112907763,259,94,Not on Feature,In-Shelf,2
4112907764,322,95,Front Page Feature,Not on Display,2
4112907764,322,95,Front Page Feature,Not on Display,2
4112907769,93,49,Interior Page Feature,Not on Display,1
4112907769,322,95,Front Page Feature,Not on Display,2
4112907775,95,81,Interior Page Feature,Rear End Cap,1
4112907775,341,81,Interior Page Feature,Not on Display,2
4112907775,316,68,Interior Page Feature,Not on Display,2
4112907776,373,96,Not on Feature,In-Shelf,2
4112907776,268,68,Interior Page Feature,Not on Display,2
4112907776,268,87,Interior Page Feature,Not on Display,2
4112907785,29,95,Front Page Feature,Not on Display,1
4112907785,259,49,Interior Page Feature,Not on Display,2
4112907785,268,68,Interior Page Feature,Not on Display,2
4112907785,268,87,Interior Page Feature,Not on Display,2
4112907785,71,49,Interior Page Feature,Not on Display,1
4112907785,326,49,Interior Page Feature,Not on Display,2
4112927445,259,49,Interior Page Feature,Not on Display,2
4112927445,268,87,Interior Page Feature,Not on Display,2
4112927445,248,68,Interior Page Feature,Not on Display,2
4112927445,278,67,Interior Page Feature,Not on Display,2
4112927445,297,83,Not on Feature,In-Shelf,2
4112927445,297,90,Not on Feature,Front End Cap,2
4112927445,300,96,Not on Feature,In-Shelf,2
4112927445,363,87,Interior Page Feature,Not on Display,2
4112927445,356,82,Not on Feature,In-Shelf,2
4112927445,316,68,Interior Page Feature,Not on Display,2
4112927445,379,87,Interior Page Feature,Not on Display,2
4300000037,85,52,Wrap Back Feature,Not on Display,1
4420979129,260,52,Interior Page Feature,Not on Display,2
4420979224,108,47,Not on Feature,Secondary Loca,1
4732500753,186,44,Interior Page Feature,Not on Display,1
4732500753,317,59,Not on Feature,Front End Cap,2
4732500754,176,46,Not on Feature,Secondary Loca,1
5100001212,271,87,Not on Feature,Promo/Seasonal,2
5100001212,373,66,Interior Page Feature,Not on Display,2
5100001212,282,61,Interior Page Feature,Not on Display,2
5100001214,27,61,Not on Feature,In-Shelf,1
5100001214,373,78,Front Page Feature,Not on Display,2
5100002549,207,63,Not on Feature,In-Shelf,1
5100002549,40,43,Not on Feature,Rear End Cap,1
5100002549,94,61,Interior Page Feature,In-Shelf,1
5100002549,211,102,Not on Feature,In-Shelf,1
5100002549,29,89,Interior Page Feature,Not on Display,1
5100002549,194,62,Not on Feature,In-Shelf,1
5100002549,180,62,Not on Feature,In-Shelf,1
5100002549,73,63,Not on Feature,Rear End Cap,1
5100002549,322,59,Not on Feature,Rear End Cap,2
5100002549,383,78,Front Page Feature,Not on Display,2
5100002549,328,61,Interior Page Feature,Not on Display,2
5100002549,372,61,Interior Page Feature,Not on Display,2
5100002549,341,101,Not on Feature,In-Shelf,2
5100002549,265,66,Interior Page Feature,Not on Display,2
5100002549,268,61,Interior Page Feature,In-Shelf,2
5100002549,317,78,Front Page Feature,Not on Display,2
5100002549,288,94,Not on Feature,Rear End Cap,2
5100002549,286,99,Not on Feature,In-Shelf,2
5100002549,329,66,Interior Page Feature,Not on Display,2
5100002549,307,64,Not on Feature,In-Shelf,2
5100002792,372,58,Interior Page Feature,Not on Display,2
5100002792,379,46,Not on Feature,Secondary Loca,2
5100002794,189,66,Wrap Back Feature,Not on Display,1
5100002794,157,66,Wrap Back Feature,Not on Display,1
5100002794,277,100,Not on Feature,In-Shelf,2
5100002794,366,61,Interior Page Feature,In-Shelf,2
5100002794,350,78,Front Page Feature,Not on Display,2
5100002794,328,61,Interior Page Feature,In-Shelf,2
5100002794,248,89,Interior Page Feature,Not on Display,2
5100002794,322,89,Interior Page Feature,Rear End Cap,2
5100002794,348,65,Not on Feature,In-Shelf,2
5100002794,309,61,Interior Page Feature,Not on Display,2
5100002794,309,66,Interior Page Feature,Not on Display,2
5100002794,309,78,Front Page Feature,Not on Display,2
5100002794,309,103,Not on Feature,In-Shelf,2
5100002796,108,84,Not on Feature,Secondary Loca,1
5100002796,189,66,Wrap Back Feature,Not on Display,1
5100002796,246,102,Not on Feature,In-Shelf,2
5100002796,180,62,Not on Feature,In-Shelf,1
5100002796,3,61,Interior Page Feature,Not on Display,1
5100002796,366,61,Interior Page Feature,In-Shelf,2
5100002796,271,61,Interior Page Feature,Not on Display,2
5100002796,322,89,Interior Page Feature,Not on Display,2
5100002796,373,63,Not on Feature,In-Shelf,2
5100002796,282,61,Interior Page Feature,Not on Display,2
5100002796,265,89,Interior Page Feature,Not on Display,2
5100002796,378,103,Not on Feature,In-Shelf,2
5100002797,201,58,Interior Page Feature,Not on Display,1
5100002797,211,59,Not on Feature,Rear End Cap,1
5100002797,246,72,Interior Page Feature,Not on Display,2
5100002797,234,72,Interior Page Feature,Not on Display,2
5100002799,285,78,Front Page Feature,Not on Display,2
5100005044,52,62,Not on Feature,In-Shelf,1
5100005045,373,66,Interior Page Feature,Not on Display,2
5100005045,373,78,Front Page Feature,Not on Display,2
5100010546,130,66,Wrap Back Feature,Not on Display,1
5100010546,73,66,Wrap Back Feature,Not on Display,1
5100011464,27,64,Not on Feature,In-Shelf,1
5100011464,31,61,Not on Feature,In-Shelf,1
5100011464,177,66,Wrap Back Feature,Not on Display,1
5100011464,230,61,Interior Page Feature,Not on Display,2
5100012013,73,66,Wrap Back Feature,Not on Display,1
5100012014,350,78,Front Page Feature,Not on Display,2
5100012014,373,66,Interior Page Feature,Not on Display,2
5100012014,280,89,Interior Page Feature,Not on Display,2
5100012910,265,89,Interior Page Feature,Not on Display,2
5100012911,226,89,Interior Page Feature,Not on Display,2
5100014986,368,78,Not on Feature,Rear End Cap,2
5100014986,337,78,Not on Feature,Front End Cap,2
5100014986,326,78,Not on Feature,Rear End Cap,2
5100014987,326,78,Not on Feature,Rear End Cap,2
5100015057,287,58,Interior Page Feature,Not on Display,2
5100015194,271,43,Not on Feature,In-Shelf,2
5100015194,280,77,Not on Feature,Front End Cap,2
5100015194,326,78,Not on Feature,Rear End Cap,2
6172005010,158,70,Not on Feature,Rear End Cap,1
6172005010,143,73,Not on Feature,Store Front,1
6172005110,235,72,Not on Feature,Secondary Loca,2
6172005110,345,74,Not on Feature,Store Rear,2
6172005110,213,73,Not on Feature,Rear End Cap,1
6172005110,329,73,Not on Feature,In-Aisle,2
6172005110,193,70,Not on Feature,In-Aisle,1
6172005110,307,74,Not on Feature,In-Shelf,2
6172005110,280,73,Not on Feature,Side-Aisle End,2
7130000008,140,62,Interior Page Feature,Not on Display,1
7130000009,221,79,Interior Page Feature,Not on Display,1
7130000009,170,55,Wrap Interior Feature,Not on Display,1
7130000017,221,79,Interior Page Feature,Not on Display,1
7130000017,19,79,Interior Page Feature,Not on Display,1
7130000017,170,55,Wrap Interior Feature,Not on Display,1
7151800026,357,74,Not on Feature,In-Aisle,2
7680828008,232,46,Interior Page Feature,Not on Display,2
7680828008,309,83,Interior Page Feature,Not on Display,2
7680828008,316,46,Interior Page Feature,Not on Display,2
7680828008,339,68,Interior Page Feature,Not on Display,2
7680828009,112,47,Interior Page Feature,Not on Display,1
7680828009,143,83,Interior Page Feature,Not on Display,1
7680828009,322,72,Interior Page Feature,Not on Display,2
7680828009,337,83,Interior Page Feature,Rear End Cap,2
7680828009,280,83,Interior Page Feature,Not on Display,2
7680828017,12,46,Interior Page Feature,Not on Display,1
7680828071,316,63,Not on Feature,Rear End Cap,2
7680828071,316,83,Interior Page Feature,Not on Display,2
7680828073,207,72,Interior Page Feature,Not on Display,1
7680828073,216,46,Interior Page Feature,Not on Display,1
7680828073,226,68,Interior Page Feature,Not on Display,2
7680828073,285,83,Interior Page Feature,Not on Display,2
7680828073,287,72,Interior Page Feature,Not on Display,2
7680828098,216,46,Interior Page Feature,Not on Display,1
7680828098,259,83,Interior Page Feature,Not on Display,2
7680850106,207,72,Interior Page Feature,Not on Display,1
7680850106,143,72,Interior Page Feature,Not on Display,1
7680850106,143,68,Wrap Interior Feature,Not on Display,1
7680850106,143,72,Interior Page Feature,Not on Display,1
7680850106,143,83,Interior Page Feature,Not on Display,1
7680850106,12,46,Interior Page Feature,Not on Display,1
7680850106,234,72,Interior Page Feature,Not on Display,2
7680850106,139,83,Interior Page Feature,Not on Display,1
7680850106,122,83,Interior Page Feature,Not on Display,1
7680850106,353,46,Interior Page Feature,Not on Display,2
7680850106,322,72,Interior Page Feature,Not on Display,2
7680850106,373,68,Interior Page Feature,Rear End Cap,2
7680850108,27,68,Wrap Interior Feature,Not on Display,1
7680850108,216,46,Interior Page Feature,Not on Display,1
7680850108,259,83,Interior Page Feature,Not on Display,2
7680850738,27,68,Wrap Interior Feature,Not on Display,1
7680850738,316,46,Interior Page Feature,Not on Display,2
7680851433,12,46,Interior Page Feature,Not on Display,1
7680851558,248,68,Interior Page Feature,Not on Display,2
7680851613,259,83,Interior Page Feature,Not on Display,2
7680851613,183,83,Interior Page Feature,Not on Display,1
7680851613,362,46,Interior Page Feature,Not on Display,2
7680851709,345,68,Interior Page Feature,Not on Display,2
7680851798,326,44,Not on Feature,Rear End Cap,2
7680851829,40,46,Interior Page Feature,Not on Display,1
7680852009,259,83,Interior Page Feature,Not on Display,2
7680852009,234,83,Interior Page Feature,Not on Display,2
7680852094,308,92,Not on Feature,In-Shelf,2
7680852094,337,83,Interior Page Feature,Not on Display,2
7680852094,165,98,Interior Page Feature,Not on Display,1
7680852180,5,83,Interior Page Feature,Not on Display,1
7680852290,5,83,Interior Page Feature,Not on Display,1
7680852291,259,83,Interior Page Feature,Not on Display,2
9505900019,215,98,Interior Page Feature,Not on Display,1
9505900040,345,98,Interior Page Feature,Not on Display,2
9999900443,277,44,Front Page Feature,Not on Display,2
9999900443,257,65,Not on Feature,Rear End Cap,2
9999900443,368,44,Front Page Feature,Not on Display,2
9999900443,368,56,Interior Page Feature,Not on Display,2
9999900443,368,85,Interior Page Feature,Not on Display,2
9999966070,293,44,Not on Feature,Store Rear,2
9999966070,268,67,Not on Feature,Secondary Loca,2
9999966070,208,83,Not on Feature,In-Shelf,1
9999966715,170,84,Back Page Feature,Not on Display,1
9999966715,21,93,Interior Page Feature,Rear End Cap,1
9999966715,21,93,Interior Page Feature,Rear End Cap,1
9999966715,174,101,Wrap Front Feature,Not on Display,1
9999966720,21,93,Interior Page Feature,Not on Display,1
9999966720,229,54,Not on Feature,Store Rear,2
9999966720,180,84,Back Page Feature,Rear End Cap,1
9999966720,357,48,Interior Page Feature,Not on Display,2
9999966721,30,93,Interior Page Feature,Not on Display,1
9999967586,215,70,Not on Feature,Rear End Cap,1
9999967586,215,75,Not on Feature,Secondary Loca,1
9999967586,264,72,Interior Page Feature,Not on Display,2
9999967586,265,74,Not on Feature,In-Shelf,2
9999967648,233,68,Not on Feature,Rear End Cap,2
9999967725,368,86,Interior Page Feature,Rear End Cap,2
9999967725,108,52,Not on Feature,Secondary Loca,1
9999967725,24,64,Not on Feature,In-Aisle,1
9999967725,132,101,Not on Feature,Store Front,1
9999967725,88,100,Not on Feature,Store Front,1
9999967725,88,50,Not on Feature,Store Front,1
9999967725,88,101,Not on Feature,Store Front,1
9999967725,170,56,Not on Feature,In-Aisle,1
9999967725,132,102,Not on Feature,Store Front,1
9999967725,132,57,Not on Feature,Store Front,1
9999967727,183,100,Not on Feature,In-Aisle,1
9999967727,94,74,Not on Feature,Store Rear,1
9999967727,266,65,Not on Feature,Front End Cap,2
9999967727,259,83,Not on Feature,In-Shelf,2
9999967727,73,56,Not on Feature,Secondary Loca,1
9999967727,376,84,Not on Feature,In-Shelf,2
9999971291,30,93,Interior Page Feature,Not on Display,1
9999971292,170,84,Back Page Feature,Not on Display,1
9999971297,151,93,Interior Page Feature,Store Front,1
9999971297,174,86,Back Page Feature,Rear End Cap,1
9999971306,157,93,Interior Page Feature,Not on Display,1
9999971306,224,84,Back Page Feature,Not on Display,1
9999971308,21,93,Interior Page Feature,Rear End Cap,1
9999971308,229,48,Interior Page Feature,Not on Display,2
9999971309,165,101,Wrap Front Feature,Not on Display,1
9999971309,30,93,Interior Page Feature,Not on Display,1
9999971309,224,90,Not on Feature,In-Aisle,1
9999972255,226,86,Interior Page Feature,Not on Display,2
9999972255,3,86,Back Page Feature,Not on Display,1
9999973093,157,93,Interior Page Feature,Not on Display,1
9999973094,157,93,Interior Page Feature,Not on Display,1
9999973863,128,73,Not on Feature,Front End Cap,1
9999973863,31,75,Not on Feature,Secondary Loca,1
9999973863,215,65,Not on Feature,Rear End Cap,1
9999973863,344,73,Not on Feature,Secondary Loca,2
9999973863,246,72,Not on Feature,Secondary Loca,2
9999973863,309,75,Not on Feature,Secondary Loca,2
9999973863,365,71,Not on Feature,Rear End Cap,2
9999981175,30,86,Not on Feature,In-Shelf,1
9999981580,194,63,Wrap Front Feature,Not on Display,1
9999981581,143,65,Not on Feature,In-Aisle,1
9999981581,194,66,Not on Feature,Store Front,1
9999981581,143,68,Not on Feature,Secondary Loca,1
9999981584,230,64,Interior Page Feature,Not on Display,2
9999981585,368,64,Interior Page Feature,Not on Display,2
9999981816,282,54,Interior Page Feature,Not on Display,2
9999981816,309,73,Not on Feature,In-Aisle,2
9999981816,354,54,Interior Page Feature,Not on Display,2
9999981821,165,83,Not on Feature,Store Rear,1
9999985002,179,75,Not on Feature,Front End Cap,1
9999985004,296,63,Not on Feature,Front End Cap,2
9999985004,259,85,Not on Feature,In-Shelf,2
9999985004,93,88,Not on Feature,Promo/Seasonal,1
9999985004,282,101,Not on Feature,Mid-Aisle End,2
9999985004,230,45,Not on Feature,Rear End Cap,2
9999985004,288,94,Not on Feature,Rear End Cap,2
9999985004,372,92,Not on Feature,Front End Cap,2
9999985004,378,75,Not on Feature,Rear End Cap,2
9999985004,341,59,Not on Feature,Rear End Cap,2
9999985004,361,71,Not on Feature,Rear End Cap,2
9999985004,316,97,Not on Feature,Mid-Aisle End,2
9999985004,374,84,Not on Feature,Front End Cap,2
9999985004,337,94,Not on Feature,Front End Cap,2
9999985005,132,88,Not on Feature,Promo/Seasonal,1
9999985005,27,64,Not on Feature,Rear End Cap,1
9999985005,31,63,Wrap Front Feature,Rear End Cap,1
9999985005,66,63,Wrap Front Feature,Rear End Cap,1
9999985005,3,61,Not on Feature,In-Shelf,1
9999985005,230,76,Front Page Feature,Not on Display,2
9999985005,321,79,Not on Feature,Rear End Cap,2
9999985005,298,76,Front Page Feature,Not on Display,2
9999985005,304,63,Interior Page Feature,Rear End Cap,2
9999985005,194,79,Not on Feature,In-Shelf,1
9999985005,233,53,Front Page Feature,Not on Display,2
9999985006,158,78,Interior Page Feature,Not on Display,1
9999985020,274,93,Not on Feature,Rear End Cap,2
9999985020,282,69,Not on Feature,Front End Cap,2
9999985020,258,93,Not on Feature,Rear End Cap,2
9999985020,270,44,Front Page Feature,Mid-Aisle End,2
9999985020,297,84,Not on Feature,In-Shelf,2
9999985020,297,90,Not on Feature,In-Shelf,2
9999985020,259,98,Not on Feature,In-Shelf,2
9999985020,230,87,Not on Feature,Promo/Seasonal,2
9999985020,230,89,Interior Page Feature,In-Shelf,2
9999985020,308,44,Front Page Feature,Not on Display,2
9999985020,317,95,Not on Feature,Rear End Cap,2
9999985020,240,44,Front Page Feature,Not on Display,2
9999985020,259,98,Not on Feature,In-Shelf,2
9999985020,31,48,Interior Page Feature,Not on Display,1
9999985020,157,85,Not on Feature,In-Shelf,1
9999985020,280,44,Front Page Feature,Not on Display,2
9999985020,280,63,Not on Feature,Front End Cap,2
9999985020,287,44,Front Page Feature,Rear End Cap,2
9999985020,287,96,Not on Feature,In-Shelf,2
9999985020,181,48,Interior Page Feature,Not on Display,1
9999985020,373,83,Not on Feature,Side-Aisle End,2
9999985020,360,57,Not on Feature,Store Rear,2
9999985020,378,88,Not on Feature,In-Shelf,2
9999985020,372,87,Not on Feature,Promo/Seasonal,2
9999985020,324,79,Not on Feature,In-Shelf,2
9999985020,354,81,Not on Feature,Mid-Aisle End,2
9999985020,337,86,Not on Feature,Promo/Seasonal,2
9999985021,16,71,Not on Feature,In-Aisle,1
9999985021,297,84,Not on Feature,In-Shelf,2
9999985021,21,54,Not on Feature,Mid-Aisle End,1
9999985021,21,57,Not on Feature,Mid-Aisle End,1
9999985021,31,86,Interior Page Feature,Not on Display,1
9999985021,257,83,Not on Feature,In-Shelf,2
9999985021,249,95,Not on Feature,Rear End Cap,2
9999985021,366,75,Not on Feature,In-Aisle,2
9999985021,353,83,Not on Feature,In-Shelf,2
9999985021,337,94,Not on Feature,In-Shelf,2
9999985021,349,82,Not on Feature,In-Shelf,2
9999985027,21,93,Not on Feature,Rear End Cap,1
9999985027,96,92,Back Page Feature,Not on Display,1
9999985031,143,54,Interior Page Feature,Not on Display,1
9999985031,379,65,Interior Page Feature,Not on Display,2
9999985036,294,43,Front Page Feature,Not on Display,2
9999985038,283,43,Front Page Feature,Not on Display,2
9999985039,157,65,Front Page Feature,Not on Display,1
9999985039,379,60,Interior Page Feature,Not on Display,2
9999985040,368,60,Interior Page Feature,Not on Display,2
9999985040,368,65,Interior Page Feature,Not on Display,2
9999985046,322,65,Interior Page Feature,Not on Display,2
9999985048,322,65,Interior Page Feature,Not on Display,2
9999985048,322,79,Not on Feature,In-Aisle,2
9999985048,337,54,Interior Page Feature,Not on Display,2
9999985048,368,60,Interior Page Feature,Not on Display,2
9999985048,379,54,Interior Page Feature,Not on Display,2
9999985048,379,60,Interior Page Feature,Not on Display,2
9999985049,381,43,Front Page Feature,Not on Display,2
9999985050,322,86,Not on Feature,Promo/Seasonal,2
9999985050,322,95,Not on Feature,Secondary Loca,2
9999985051,170,53,Interior Page Feature,Not on Display,1
9999985051,43,63,Wrap Front Feature,Not on Display,1
9999985051,27,92,Back Page Feature,Front End Cap,1
9999985051,157,98,Not on Feature,In-Shelf,1
9999985051,277,63,Interior Page Feature,In-Shelf,2
9999985051,299,53,Front Page Feature,Not on Display,2
9999985051,230,53,Front Page Feature,Not on Display,2
9999985051,337,76,Front Page Feature,Front End Cap,2
9999985051,337,63,Interior Page Feature,Not on Display,2
9999985051,337,76,Front Page Feature,Front End Cap,2
9999985051,309,76,Front Page Feature,Not on Display,2
9999985051,307,77,Not on Feature,In-Shelf,2
9999985051,287,86,Not on Feature,Promo/Seasonal,2
9999985051,324,76,Front Page Feature,Not on Display,2
9999985052,63,67,Not on Feature,Rear End Cap,1
9999985052,73,44,Not on Feature,Secondary Loca,1
9999985052,234,62,Not on Feature,In-Shelf,2
9999985052,307,67,Not on Feature,In-Shelf,2
9999985052,337,63,Not on Feature,In-Shelf,2
9999985052,337,76,Front Page Feature,Not on Display,2
9999985053,300,60,Interior Page Feature,Not on Display,2
9999985054,368,60,Interior Page Feature,Not on Display,2
9999985054,368,65,Interior Page Feature,Not on Display,2
9999985056,368,54,Interior Page Feature,Not on Display,2
9999985056,368,65,Interior Page Feature,Not on Display,2
9999985060,132,76,Interior Page Feature,Not on Display,1
9999985060,72,78,Interior Page Feature,Not on Display,1
9999985060,249,69,Not on Feature,Front End Cap,2
9999985061,158,78,Interior Page Feature,Not on Display,1
9999985067,114,89,Interior Page Feature,Not on Display,1
9999985067,160,86,Interior Page Feature,Not on Display,1
9999985067,160,89,Interior Page Feature,Not on Display,1
9999985068,285,63,Not on Feature,Mid-Aisle End,2
9999985068,270,98,Not on Feature,Secondary Loca,2
9999985068,270,95,Not on Feature,In-Shelf,2
9999985068,143,89,Interior Page Feature,Not on Display,1
9999985068,234,98,Not on Feature,Mid-Aisle End,2
9999985068,179,48,Interior Page Feature,Not on Display,1
9999985128,146,92,Back Page Feature,Not on Display,1
9999985260,108,47,Not on Feature,Secondary Loca,1
9999985260,30,86,Back Page Feature,Not on Display,1
9999985260,132,102,Not on Feature,Store Front,1
9999985260,72,83,Not on Feature,In-Shelf,1
9999985260,19,77,Wrap Front Feature,Not on Display,1
9999985261,69,86,Back Page Feature,Not on Display,1
9999985261,108,46,Not on Feature,Secondary Loca,1
9999985261,92,77,Wrap Front Feature,Not on Display,1
9999985261,88,52,Not on Feature,Store Front,1
9999985261,72,83,Not on Feature,In-Shelf,1
9999985261,24,65,Interior Page Feature,Not on Display,1
