upc,product_description,commodity,brand,product_size
111112360,VINCENT S ORIG MARINARA S,pasta sauce,Vincent's,25 OZ
566300023,PINE MOUNTAIN SYRUP,syrups,Pine Mountain,40 OZ
566300028,MILLER CANE SYRUP,syrups,Miller,19 OZ
566300029,MILLER CANE SYRUP,syrups,Miller,12 OZ
566300035,PINE MOUNTAIN SYRUP,syrups,Pine Mountain,19 OZ
601011292,BARILLA MARINARA PSTA SCE,pasta sauce,Barilla,26    OZ
601011293,BARILLA SWT PEPPER/GARLIC,pasta sauce,Barilla,26 OUNCE
601011294,BARILLA ARRABBIATA SPCY P,pasta sauce,Barilla,26 OZ
601011295,BARILLA\BL GRN OLIVE SCE,pasta sauce,Barilla,26 OZ
601011296,BARILLA BASILICO SAUCE,pasta sauce,Barilla,26 OZ
601011297,BARILLA CHAMAPNOLA SAUCE,pasta sauce,Barilla,26 OZ
601011301,BARILLA LASAG&CASS SAUCE,pasta sauce,Barilla,26 OZ
601011588,BARILLA BOSCAIOLA SAUCE,pasta sauce,Barilla,26 OZ
789310100,ELENAS BREAD DIPPING SCE,pasta sauce,Elena's,16 OZ
789310101,ELENAS BASIL&GARLIC SAUCE,pasta sauce,Elena's,16 OZ
789310106,ELENA SEMPLICE PMODORO,pasta sauce,Elena's,17 OZ
789310108,ELENAS FORMAGGIO SAUCE,pasta sauce,Elena's,16 OZ
789310110,ELENAS AGLIO ARROSTITIO S,pasta sauce,Elena's,16 OZ
789310201,ELENAS BASILICATA SAUCE,pasta sauce,Elena's,26.5 OZ
789312112,ELENAS QTRO A/H PSTA W/SC,pasta,Elena's,12 OZ
789316104,ELENAS TRE RNBW LNG PASTA,pasta,Elena's,12 OZ
923100001,BOVES MARINARA PSTA SCE,pasta sauce,Boves,26 OZ
923100002,BOVES RSTD GRL SCE 26 OZ,pasta sauce,Boves,KH# 7191
923100003,BOVES CHNTI MSHR PSTA SCE,pasta sauce,Boves,26 OZ
923100004,BOVES RMNO PMDRA PSTA SCE,pasta sauce,Boves,26 OZ
923100005,BOVES VODKA PSTA SAUCE,pasta sauce,Boves,26 OZ
923100006,BOVES ROASTED PEPPER SAUC,pasta sauce,Boves,26 OZ
1112600710,FASTSHAKE PANCAKE MIX BTR,pancake mix,Fastshake,5 OZ
1112600715,FASTSHAKE BUTTERMILK FMLY,pancake mix,Fastshake,10.5 OZ
1112600720,FASTSHAKE BLUEBERRY,pancake mix,Fastshake,5 OZ
1112900013,GLDN EAGLE SYRUP REG,syrups,Golden Eagle,15 OZ
1124618059,RR ARTICHOKE PASTA SAUCE,pasta sauce,RR,24 OZ
1140060206,GOOCH SOY ENRCH SPAGH,pasta,Gooch,16 OZ
1160000004,ALAGA REAL CANE FLV SYRUP,syrups,Alaga,24 OZ
1160000413,ALAGA YELL LBL HNY FLV SY,syrups,Alaga,24 OZ
1330052501,M W FLAPSTAX BTRMLK-POUCH,pancake mix,M W Flapstax,5.5 OZ
1480071116,GRANDMA MOLASES-GREEN,syrups,Grandma Molas,12 OZ
1480071124,GRANDMA MOLASES-YELOW,syrups,Grandma Molas,12 OZ
1488650001,DELL AMORE ORG RECPT SCE,pasta sauce,Dell Amore,26 OZ
1488650005,DELL AMORE FRSH BASL G,pasta sauce,Dell Amore,26 OZ
1488688462,DELL AMORE SCE BSL/GRLC,pasta sauce,Dell Amore,16 OZ
1510000001,CRMET ELBW MACARONI SMALL,pasta,Creamette,7 OZ
1510000003,CREAMETTE JUMBO ELBOW MAC,pasta,Creamette,16 OZ
1510000004,CRMET SHELLS SMALL,pasta,Creamette,7 OZ
1510000007,CREAMETTE ELBOW MACARONI,pasta,Creamette,N     1
1510000011,CREAMETTE ELBO MACARONI,pasta,Creamette,32 OZ
1510000013,CREAMETTE VERMICELLI,pasta,Creamette,N     1
1510000014,CREAMETTE ROTINI RAINBOW,pasta,Creamette,1 LB
1510000016,CREAMETTE WAGON WHEELS,pasta,Creamette,16 OZ
1510000017,CRMET LONG SPAG,pasta,Creamette,7 OZ
1510000018,CRMET VERMICELLI,pasta,Creamette,7 OZ
1510000026,CRMET EGG NOODLES-WIDE,pasta,Creamette,1 LB
1510000027,CREAMETTE X-WIDE NOODLE,pasta,Creamette,16  OZ
1510000031,CREAMETTE LASAGNA MACR,pasta,Creamette,16  Z
1510000039,CREAMETTE MOSTACCIOLI,pasta,Creamette,16 OZ
1510000042,CREAMETTE SPAGHETTI THIN,pasta,Creamette,32 OZ
1510000043,CREAMETTE SPAGHETTI,pasta,Creamette,16 OZ
1510000044,CRMET THIN SPAGHETTI,pasta,Creamette,7 OZ
1510000048,CREAMETTE THIN VERMICELLI,pasta,Creamette,32 OZ
1510000049,CREAMETTE MANICOTTI,pasta,Creamette,8 OZ
1510000069,CREAMETTE KDS CLB ELBOW S,pasta,Creamette,16 OZ
1510000072,CREAMETTE KDS CLB TWISTS,pasta,Creamette,16 OZ
1510000073,CREAMETTE SHELL MEDIUM,pasta,Creamette,1 LB
1510000160,SO CREAMETTE JUMBO SHELLS,pasta,Creamette,12 OZ
1510000162,CREAMETTE SPAGHETTI,pasta,Creamette,2 LB
1510000163,CREAMETTE SPAGHETTI THIN,pasta,Creamette,16OZ
1510000167,CREAMETTE ANGEL HAIR PSTA,pasta,Creamette,16 OZ
1510000236,CREAMETTE PENNE RIGATE,pasta,Creamette,16 OZ
1510000256,CREAMETTE ROTINI MACARONI,pasta,Creamette,16  OZ
1510000327,CREAMETTE BOW TIES,pasta,Creamette,12 OZ
1510000401,CREAMETTE FETTUCCINE,pasta,Creamette,12 OZ
1510002582,PEN DTCH KLUSKI EGG NDLES,pasta,Pennsylvania,12 OZ
1510002700,HEALTHY HARVEST ROTINI,pasta,Healthy Harve,13.25 OZ
1510002701,CRMET HLTHY HRVST ELBOWS,pasta,Healthy Harve,13.25 OZ
1510002702,HEALTHY HARVEST SPAHETTI,pasta,Healthy Harve,13.25 OZ
1510002703,HEALTHY HARVEST THIN SPAG,pasta,Healthy Harve,13.25 OZ
1600015760,BC PANCAKE MIX BUTTERMILK,pancake mix,Bisquick,6.75 OZ
1600047090,BISQUICK SHK PR BTMK PNK,pancake mix,Bisquick,7 OZ
1600047110,BISQ SHK N PR BLUBRY PNCK,pancake mix,Bisquick,7.75 OZ
1600047120,BISQ.SHAKE&POUR PANCAKE-O,pancake mix,Bisquick,7 OZ
1760004476,BRUCES SWT POT PANCK MX,pancake mix,Bruce's,1.5 LB
1800000951,HUNGRY JACK LITE SYRUP,syrups,Hungry Jack,27.6 OZ
1800000956,PILL H J MMV REG SYRUP,syrups,Hungry Jack,27.6 OZ
1800000957,PILL H J MWV LITE SYRUP,syrups,Hungry Jack,27.6 OZ
1800000958,PILL H J BUTTER SYRUP,syrups,Hungry Jack,27.6 OZ
1800000959,PILL H J LTE BUTTER SYRUP,syrups,Hungry Jack,27.6 OZ
1800028035,HNGRY JK COMP BTRMLK 4PK,pancake mix,Hungry Jack,16 OZ
1800028036,HNGRY JK BLUEBRY COMP 4PK,pancake mix,Hungry Jack,16 OZ
1800028063,H J PANCAKE ORIGINAL MIX,pancake mix,Hungry Jack,32 OZ
1800028064,H J PANCK BTRMLK COMP MIX,pancake mix,Hungry Jack,
1800028065,H J PANCAKE EX LITE MIX,pancake mix,Hungry Jack,32 OZ
1800028066,H J BUTTERMILK PANCK MIX,pancake mix,Hungry Jack,
1800028067,H J PANCK MX EX LITE COMP,pancake mix,Hungry Jack,
1800063130,PILL HJ BM BULK PANCAKE,pancake mix,Hungry Jack,32 OZ
1800063550,PB HJ BTR MLK PANCAKE,pancake mix,Hungry Jack,37 OZ
1800063630,PILL HNG JCK X LT COMP PN,pancake mix,Hungry Jack,37 OZ
2066200019,NEWMANS SAY CHEESE PAS,pasta sauce,Newman's,26 OZ
2066200020,NEWMANS MARINARA SAUCE,pasta sauce,Newman's,26 OZ
2066200021,NEWMN OWN MARINARA W/MSHR,pasta sauce,Newman's,26 OZ
2066200022,NEWMANS\SOCKAROONI SAUCE,pasta sauce,Newman's,26 OZ
2066200026,NWMN DIAVOLO SPCY SMR SCE,pasta sauce,Newman's,26 OZ
2066200028,NEWMN OWN BOMBOLINA PASTA,pasta sauce,Newman's,26 OZ
2066200035,NEWMN OWN GARLIC&PPR SCE,pasta sauce,Newman's,26 OZ
2066200265,NEWMAN SPAG SCE TOM/GRLC,pasta sauce,Newman's,26 OZ
2066200266,NEWMANS OWN VODKA SAUCE,pasta sauce,Newman's,26 OZ
2066200267,NEWMANS OWN PESTO/TOM SCE,pasta sauce,Newman's,26 OZ
2066200269,NEWMANS OWN SAUS/PEPP SCE,pasta sauce,Newman's,26 OZ
2100007212,KRFT DLX OTG W/MARNRA SCE,pasta,Kraft,6.75 OZ
2100007213,VELVEETA O-T-G SHLL W/CHS,pasta,Kraft,6.75 OZ
2100077260,KRAFT 5 PK MAC & CHEESE,pasta,Kraft,7.25 OZ
2400033503,BRER RABBIT GOLD MOLAS,syrups,Brier Rabbit,12 OZ
2400033513,BRER RABBIT\DARK MOLASSES,syrups,Brier Rabbit,12 FL OZ
2400033523,SOBRAB BKSTRP MOLASSES,syrups,Sobrab Bkstrp,12 OZ
2409407006,DECECCO FETTUCINI,pasta,Dececco,16 OZ
2409407007,DECECCO LINGUINE,pasta,Dececco,16 OZ
2409407009,DECECCO CAPELLINI    16OZ,pasta,Dececco,KH# 8652
2409407011,DECECCO SPAGHETTINI  16OZ,pasta,Dececco,KH# 8651
2409407012,DECECCO SPAGHETTI    16OZ,pasta,Dececco,KH# 8623
2409407024,DE CECCO PASTA RIGATONI,pasta,Dececco,1 LB
2409407034,DECECCO FUSILLI      16OZ,pasta,Dececco,KH# 1338
2409407040,DECECCO PENNE REGATE 16OZ,pasta,Dececco,KH# 8525
2409407041,DECECCO PENNE RIGATE 16OZ,pasta,Dececco,KH# 8627
2409407050,DE CECCO CONCHIGLIE RIGAT,pasta,Dececco,16 OZ
2409407054,DE CECCO ROTELLO WHEEL 54,pasta,Dececco,16 OZ
2409407093,DECECCO FARFALLE BOW TIES,pasta,Dececco,16 OZ
2409407118,DECECCO ZITA MACARONI,pasta,Dececco,16 OZ
2409411034,DECECCO TRI COLOR FUSILLI,pasta,Dececco,16 OZ
2409411093,DECECCO TRICOLOR FARFALLE,pasta,Dececco,16 OZ
2409427007,DECECCO LINGUINI,pasta,Dececco,17.5 OZ
2409427012,DEC WHOLE WHEAT SPAGHETTI,pasta,Dececco,17 OZ
2409427034,DE CEC FUSILLI WHL WHEAT,pasta,Dececco,16 OZ
2409427041,DE CEC PENNE RGT WH WHEAT,pasta,Dececco,16 OZ
2409437007,DECECCO SINACH LINGUINE,pasta,Dececco,16 OZ
2409437012,DECECCO SPINACH SPAGHETTI,pasta,Dececco,16 OZ
2409437034,DE CECCO SPINACH FUSILLI,pasta,Dececco,16 OZ
2409437041,DECECCO PASTA SPIN PEN RI,pasta,Dececco,16 OZ
2418201158,EDEN TAMARI SAUCE      ED,pasta,Eden,10 OZ
2432142429,POMI MARINARA SAUCE,pasta sauce,Pomi,26 OZ
2472200003,ANNARINO MEAT SAUCE,pasta sauce,Annarino,31.5 OZ
2472200004,ANNARINO MEATLESS SAUCE,pasta sauce,Annarino,31.5 OZ
2472200005,ANNARINO MUSHROOM SAUCE,pasta sauce,Annarino,31 1/2 O
2472200010,ANNARINO MARINARA SAUCE,pasta sauce,Annarino,32 OZ
2682500951,LA RUSSA REGULAR EGG NOOD,pasta,La Russa,########
2700042232,CHUNKY TOMATO GARLC ONION,pasta sauce,Hunt's,26 OZ
2700042238,HUNT TRADITIONAL SAUCE,pasta sauce,Hunt's,26.5 OZ
2700042239,HUNTS SPAG.SAUCE MUSHROOM,pasta sauce,Hunt's,26 OZ
2700042240,HNT MEAT SPAGHETTI SAUCE,pasta sauce,Hunt's,26.5 OZ
2700042254,HUNT SPAG SAUCE ITL SAUS,pasta sauce,Hunt's,26.5 OZ
2700042273,HUNT SPAG SCE ITAL 4 CHSE,pasta sauce,Hunt's,26 OZ
2700042274,HUNTS SPAG SCE GARLIC/HER,pasta sauce,Hunt's,26 OZ
2700042292,HUNTS LIGHT TRAD SPAG SCE,pasta sauce,Hunt's,26.5 OZ
2706457001,VITA SPELT WHOLE GRAIN EG,pasta,Vita,########
2800069180,MAGGI SPAETZLE IMPORT,pasta,Maggi Spaetzl,10 OZ
2810003300,MOTHERS FINE EGG NOODLES,pasta,Mother's,10 OZ
2810003301,MOTHERS MEDM EGG NOODLES,pasta,Mother's,10 OZ
2810003302,MOTHERS WIDE EGG NOODLES,pasta,Mother's,10 OZ
2810003304,MOTHERS NO YLK WD EGG NOD,pasta,Mother's,10 OZ
2920000102,MUELLER SPAGHETTI,pasta,Mueller,8 OZ
2920000103,MUELLER ELBOWS,pasta,Mueller,8 OZ
2920000104,MUELLER THIN SPAGHETTI,pasta,Mueller,8 OZ
2920000153,MUELLERS TRI COLOR TWISTS,pasta,Mueller,12 OZ
2920000164,MUELLER PASTA RUFFLES,pasta,Mueller,16 OZ
2920000205,MUELLER FETTUCCINE PASTA,pasta,Mueller,16 OZ
2920000206,MUELLER ANGEL HAIR PASTA,pasta,Mueller,16 OZ
2920000212,MUELLER SPAGHETTI,pasta,Mueller,1 LB
2920000213,MUELLER ELBOW MACARONI,pasta,Mueller,16 OZ
2920000214,MUELLER THIN SPAGHETI,pasta,Mueller,16 OZ
2920000215,MUELLERS SEA SHELL,pasta,Mueller,16 OZ
2920000216,MUELLERS READY CUT,pasta,Mueller,16 OZ
2920000217,MUELLERS ROTINI TWISTS,pasta,Mueller,16 OZ
2920000218,MUELLER VERMICELLI,pasta,Mueller,1 LB
2920000300,MUELLER LASAGNA,pasta,Mueller,8 OZ
2920000301,MUELLER LASAGNE,pasta,Mueller,1 LB
2920000350,MUELLER ELBO MACARONI,pasta,Mueller,32 OZ
2920000351,MUELLER THIN SPAGHETTI,pasta,Mueller,32 OZ
2920000352,MUELLER REG SPAGHETTI,pasta,Mueller,2 LB
2920000421,MUELLER ELBO MACARO,pasta,Mueller,3LB
2920000703,MUELLER O/F EGG NDL WIDE,pasta,Mueller,8 OZ
2920000753,MUELLER O/F EGG NOODLES,pasta,Mueller,12 OZ
2920000771,MUELLERS BOW TIES,pasta,Mueller,16 OZ
2920000812,MUELR MED EGG NOODLE,pasta,Mueller,16 OZ
2920000813,MUELLER O/F EGG NDL WIDE,pasta,Mueller,1 LB
2924300500,LA MODERNA FIDEO COIL PST,pasta,La Moderna,7 OZ
3000003660,A J COUNTRY RICH LT SYRUP,syrups,Aunt Jemima,24 OZ
3000003690,ANT JEMIMA CONTRY RICH SY,syrups,Aunt Jemima,24  OZ
3000005040,AUNT JEM ORIGINAL PANCAKE,pancake mix,Aunt Jemima,2 LB
3000005070,A/JEM COMPLETE PANCAKE MI,pancake mix,Aunt Jemima,32    OZ
3000005300,AJ BUTTERMILK PANCAKE MIX,pancake mix,Aunt Jemima,32 OZ
3000005350,A J BTRMLK COMP PNCK MIX,pancake mix,Aunt Jemima,1 LB
3000005550,C**AUNT JEMIMA LITE SYRUP,syrups,Aunt Jemima,12 OZ
3000005560,AUNT JEMIMA LITE SYRUP,syrups,Aunt Jemima,36 OZ
3000005620,QUAKER AUNT JAM BUTR LITE,syrups,Aunt Jemima,24 OZ
3000005627,QUAKER AUNT JAM BUTR LITE,syrups,Aunt Jemima,24 OZ
3000005800,AUNT JEMIMA LITE SYRUP,syrups,Aunt Jemima,24 OZ
3000005940,A J BUTTER RICH SYRUP,syrups,Aunt Jemima,24 OZ
3000005950,AUNT JEM SYRUP REG,syrups,Aunt Jemima,12 OZ
3000005960,A/JEM SYRUP ORIGINAL,syrups,Aunt Jemima,36    OZ
3000005970,AUNT JEMIMA ORIGINL SYRUP,syrups,Aunt Jemima,24 OZ
3068434050,TREE OF LIFE REGULAR BLAC,syrups,Tree of Life,########
3068434052,TREE OF LIFE REGULAR BLAC,syrups,Tree of Life,########
3191900520,FIFTY 50 REDUCD CAL SYRUP,syrups,Fifty 50,12 OZ
3250041100,WHT LILY BLUBRY PNCK MIX,pancake mix,White Lily,6 1/2 OZ
3250046100,WH LILY BM PANCAKE MIX,pancake mix,White Lily,5.5 OZ
3261211702,SUGAR BUSTER SPAGHETTI,pasta,Sugar Buster,16 OZ
3261211705,SUGAR BUSTER SPIRALS,pasta,Sugar Buster,CR   16
3340006500,RONZONI H H ROTINI,pasta,Ronzoni,13.25 OZ
3340006501,SAN GIO H H ELBOWS,pasta,Ronzoni,13.25 OZ
3340006502,RONZONI HH SPAGHETTI,pasta,Ronzoni,13.25 OZ
3340006503,RONZONI HH THIN SPAGHETTI,pasta,Ronzoni,13.25 OZ
3340006504,RONZONI HH PENNE RIGATE,pasta,Ronzoni,13.25 OZ
3340006508,RONZONI HH XWIDE NOODLE,pasta,Ronzoni,12 OZ
3340060108,SAN GRGO SPAGHETTI,pasta,San Giorgio,16 OZ
3340060109,SAN GRGO THIN SPAGHETTI,pasta,San Giorgio,P     1
3340060110,SAN GIORGIO VERMICELI,pasta,San Giorgio,P    16
3340060123,SAN GRGO RIGATONI,pasta,San Giorgio,16 OZ
3340060125,SAN GIORGIO ROTELLE,pasta,San Giorgio,1 LB
3340060128,SAN GRGO CUT ZITE,pasta,San Giorgio,16 OZ
3340060135,SAN GRGO ELBOW MACARONI,pasta,San Giorgio,16 OZ
3340060148,SAN GRGO ACINI DI PEPE,pasta,San Giorgio,1 LB
3340060150,SAN GRGO LG SHELLS,pasta,San Giorgio,16 OZ
3340060171,SAN GIORGIO FARFALLE,pasta,San Giorgio,12 OZ
3340060175,SAN GRGO MOST RIGATI,pasta,San Giorgio,16 OZ
3340060176,SAN GRGO ROTINI,pasta,San Giorgio,1 LB
3340060177,SAN GIORGI TRIO ITALIANO,pasta,San Giorgio,16 OZ
3340060178,SAN GIORGIO MAFALDA,pasta,San Giorgio,12 OZ
3340060179,SAN GRGO RIPPLED LASAGNA,pasta,San Giorgio,1 LB
3340060198,SAN GIORGIO N/EGG FETTCCN,pasta,San Giorgio,16 OZ
3340060208,SAN GRGO SPAGHETTI,pasta,San Giorgio,2 LB
3340060209,S G SPAGHETTINI,pasta,San Giorgio,2 LB
3340060708,SAN GIORGI SPAGHETTI,pasta,San Giorgio,7 OZ
3340060709,SAN GIORGI THIN SPAGHETTI,pasta,San Giorgio,7 OZ
3340060751,SAN GIORGIO SHELLS,pasta,San Giorgio,7 OZ
3340060833,SAN GRGO MANICOTTI,pasta,San Giorgio,8 OZ
3340060980,LIGHT N FLUFFY X-WIDE NOO,pasta,San Giorgio,8 OZ
3340060983,LIGHT N FLUFFY WIDE NOODL,pasta,San Giorgio,8 OZ
3340061125,LGHT N FLFY MACARONI DUMP,pasta,San Giorgio,12 OZ
3340061126,LIGHT N FLUFFY RIPPLETS,pasta,San Giorgio,12 OZ
3340061127,LIGHT N FLUFFY RAINBOW TW,pasta,San Giorgio,12 OZ
3340061147,SAN GRGO ALPHABETS,pasta,San Giorgio,12 OZ
3340061152,SAN GRGO JUMBO SHELLS,pasta,San Giorgio,12 OZ
3340061192,SAN GRGO GRLC&HRB FETTCNI,pasta,San Giorgio,12 OZ
3340061193,SAN GRGO FETTUCCINI FLORE,pasta,San Giorgio,12 OZ
3340061198,SAN GRGO FETTUCCINI NDLS,pasta,San Giorgio,P    12
3340061280,LGT N FLUFFY XWIDE EGG ND,pasta,San Giorgio,12 OZ
3340061282,LGT N FLUFFY MED EGG NDLS,pasta,San Giorgio,12 OZ
3340061283,LGT N FLUFFY WIDE EGG NDL,pasta,San Giorgio,12 OZ
3587310016,CHINA MANDRN VEG LO MEIN,pasta,China Mandari,10 OZ
3587310019,CHINA MNDRN SSM CHIC NDLS,pasta,China Mandari,10 OZ
3620000050,RAGU SAUCE O/W PLAIN,pasta sauce,Ragu,14 OZ
3620000217,RAGU CHS CREATN PARM MOZZ,pasta sauce,Ragu,16 OZ
3620000218,RAGU CC DBL CHEDDAR,pasta sauce,Ragu,16 OZ
3620000250,RAGU TRADITIONAL PLAIN,pasta sauce,Ragu,26 OZ
3620000300,RAGU OWS SPAG SAUCE MEAT,pasta sauce,Ragu,26 OZ
3620000350,RAGU TRADITIONAL MUSHROOM,pasta sauce,Ragu,26 OZ
3620000432,BERTOLLI FIVE CHEESE SCE,pasta sauce,Bertolli,24 OZ
3620000439,BERTOLLI OLV OIL&GRLC SCE,pasta sauce,Bertolli,24 OZ
3620000440,RAGU\TOMATO GRLC/ONION SC,pasta sauce,Ragu,26 OZ
3620000441,RAGU SPAG SCE GRN PEPP&MU,pasta sauce,Ragu,26 OZ.
3620000442,RAGU CHKY GAR SUN TOM/BSL,pasta sauce,Ragu,26 OZ
3620000444,RAGU SPAG SCE ITAL GRD CO,pasta sauce,Ragu,26.3 OZ
3620000445,RAGU GS SUPER MUSHROOM,pasta sauce,Ragu,26.3 OZ
3620000446,RAGU GARDEN SUPER VEG SCE,pasta sauce,Ragu,26 OZ
3620000464,RAGU ROBUSTO PARM ROMANO,pasta sauce,Ragu,26    OZ
3620000468,RAGU\HEARTY ONION/GARLIC,pasta sauce,Ragu,26 OZ
3620000470,BERTOLLI TOM&BASIL SAUCE,pasta sauce,Bertolli,24 OZ
3620000471,BERTOLLI MUSHROOM&GRLC SC,pasta sauce,Bertolli,26 OZ
3620000473,BERTOLI MRNRA W/BURG WN S,pasta sauce,Bertolli,24 OZ
3620000474,BERTOLLI ALFREDO SAUCE,pasta sauce,Bertolli,15 OZ
3620000475,BERTOLLI ALFREDO MSHRM SC,pasta sauce,Bertolli,15 OZ
3620000476,BERTOLLI VID ON W/RST GRL,pasta sauce,Bertolli,24 OZ
3620000480,RAGU HEARTY ITAL PSTA SCE,pasta sauce,Ragu,26.3 OZ
3620000482,RAGU HEARTY SAUT ON/MUSH,pasta sauce,Ragu,26.3 OZ
3620000488,RAGU ROBUSTO RSTD GARLIC,pasta sauce,Ragu,26 OZ
3620000489,RAGU RBST ITALIAN MEAT,pasta sauce,Ragu,26 OZ
3620000491,BERTOLLI ITALIAN SAUS SCE,pasta sauce,Bertolli,26 OZ
3620000492,FIVE BROS GARLIC ALFREDO,pasta sauce,Bertolli,16    OZ
3620000493,BERTLI MED OLV W/SNDRD TM,pasta sauce,Bertolli,24 OZ
3620000494,BERTOLLI PASTA RSTD RD PR,pasta sauce,Bertolli,26 OZ
3620000507,BERTOLLI VODKA PASTA SAUC,pasta sauce,Bertolli,26 OZ
3620000661,RAGU TRAD SPAGH SCE PLAIN,pasta sauce,Ragu,6 LB 11
3620001364,RAGU CHUNKY G/S MAMAS SCE,pasta sauce,Ragu,26 OZ
3620001365,RAGU TOM BASIL/ITAL,pasta sauce,Ragu,26 OZ
3620001367,RAGU PARMESAN & MOZZ,pasta sauce,Ragu,16 OZ
3620001368,RAGU LT PARM ALFRDO SAUCE,pasta sauce,Ragu,16 OZ
3620001369,RAGU\CHZ CREATION ALFRDO,pasta sauce,Ragu,16 OZ
3620001374,RAGU ROBUSTO TOM O/OIL GA,pasta sauce,Ragu,26    OZ
3620001375,RAGU ROBUSTO SIX CHEESE,pasta sauce,Ragu,26    OZ
3620001376,RAGU ROBUSTO ITAL SAUSAGE,pasta sauce,Ragu,26 OZ
3620001396,RAGU HEARTY MT SSG/PEP/ON,pasta sauce,Ragu,32 OZ
3620001397,RAGU MAMAS MEAT SAUCE,pasta sauce,Ragu,32 OZ
3620001398,RAGU HEARTY MT CLASSIC IT,pasta sauce,Ragu,32 OZ
3620001401,RAGU SPAGH SAUCE PLAIN,pasta sauce,Ragu,45 OZ
3620001403,RAGU RICH&MEATY CLASSIC I,pasta sauce,Ragu,16 OZ
3620001405,RAGU R&M MAMAS MEAT SAUCE,pasta sauce,Ragu,16 OZ
3620001408,RAGU RICH&MEATY BF/ON/GRL,pasta sauce,Ragu,32 OZ
3620001411,RAGU MEAT SPAGHETTI SAUCE,pasta sauce,Ragu,45 OZ PE
3620001494,RAGU SAUTEE ONION SPAG SC,pasta sauce,Ragu,45    OZ
3620001495,(S)RAGU CHNKY GRDNSTYL GR,pasta sauce,Ragu,45 OZ
3620001499,RAGU SUPER MUSHRM SPGH SC,pasta sauce,Ragu,45 OZ PE
3620001510,RAGU HEARTY ITAL TOM SCE,pasta sauce,Ragu,45 OZ.
3620001879,BERTOLLI BASIL DCD SPICE,pasta sauce,Ragu,8 OZ
3620003800,RAGU ORGANIC TRADITIONAL,pasta sauce,Ragu,26 OZ
3620003801,RAGU ORGANIC CHEESE SAUCE,pasta sauce,Ragu,26 OZ
3620003802,RAGU ORGANIC GRDN VEGGIE,pasta sauce,Ragu,26 OZ
3620004152,CARB OPTIONS ALFREDO SCE,pasta sauce,Ragu,16 OZ
3620004153,CARB OPTIONS DBL CHDR SCE,pasta sauce,Ragu,16 OZ
3620004154,CARB OP RAGU HRTY SAUSAGE,pasta sauce,Ragu,16 OZ
3620004155,CARB OP RAGU GARDEN STYLE,pasta sauce,Ragu,25.3 OZ
3687101163,FARM STYLE EGG NDL WIDE C,pasta,Farm Style,16 OZ
3738401016,DAVINCI CHOCOLATE SYRUP,syrups,DaVinci,6.3 OZ
3738401036,DAVNC AMARETTO FLVR SYRUP,syrups,DaVinci,6.3 OZ
3800007266,KELL EGGO SYRUP ORIGINAL,syrups,Kellogg,23 OZ
3800007267,KELL EGGO LITE SYRUP,syrups,Kellogg,23 OZ
3800007268,KELLOGG EGGO BUTTERY SYRU,syrups,Kellogg,23 OZ
3905909222,SPRING TREE MAPLE SYRUP,syrups,Spring Tree,8.5 OZ
3905931733,SPRTR SUGAR FREE SYRUP,syrups,Spring Tree,12 OZ
3905955112,SPRNG TREE SF MAPLE SYRUP,syrups,Spring Tree,P    24
3905972884,SPRING TREE MAPLE SYRUP,syrups,Spring Tree,8.5 OZ
3915321163,COLAVTA PSTA LONG FUSILLI,pasta,Colavita,16    OZ
3915321265,COLAVITA CAPELLINI NIDI,pasta,Colavita,16 OZ
3915321268,COLAVITA FETUCCINE NEST,pasta,Colavita,16 OZ
3915321270,COLAVITA WIDE NEST,pasta,Colavita,1 LB
3915331267,COLAVITA SPINACH NEST,pasta,Colavita,16 OZ
3915341284,COLAVITA ELBO MACR ASST,pasta,Colavita,1 LB
3915341401,COLAVITA MARINARA PSTA SC,pasta sauce,Colavita,16 OZ
3915341402,COLAVITA HOT TOMATO SC,pasta sauce,Colavita,16 OZ
3915341403,COLAVITA GARDEN STYLE,pasta sauce,Colavita,16 OZ
3915341416,COLAVITA MUSHROOM SCE,pasta sauce,Colavita,16 OZ
3915341421,COLAVITA FREE MARINARA,pasta sauce,Colavita,16 OZ
3915341422,COLAVITA FF HOT SCE,pasta sauce,Colavita,16 OZ
3915341423,COLAVITA FF GARDEN SCE,pasta sauce,Colavita,16 OZ
3915341436,COLAVITA FF MSHRM SCE,pasta sauce,Colavita,16 OZ
3915341441,COLAVITA PUTTANESCA SCE,pasta sauce,Colavita,16 OZ
4017367004,PASTA SHP XMAS TREE PASTA,pasta,Pasta Shoppe,10OZ
4017367005,PASTA SHOPPE SANTA PASTA,pasta,Pasta Shoppe,10OZ
4017367008,PASTA SHOP HALLOWEEN PSTA,pasta,Pasta Shoppe,10OZ
4017367011,PASTA SHOPPE HEARTS PASTA,pasta,Pasta Shoppe,14 OZ
4017367013,PASTA SHOPPE GD LUCK PSTA,pasta,Pasta Shoppe,14 OZ
4017367015,PSTA SHP FALL HRVST PASTA,pasta,Pasta Shoppe,10OZ
4017367016,P S GNGRBREAD MAN PASTA,pasta,Pasta Shoppe,10OZ
4017367017,P S SNOWMAN PASTA,pasta,Pasta Shoppe,10OZ
4017367018,PASTA SHOPPE GRLFRND PSTA,pasta,Pasta Shoppe,14 OZ
4017367029,PASTA SHOP TAILGATE PASTA,pasta,Pasta Shoppe,10OZ
4017367041,PSTA SHP APPL ORCHRD PSTA,pasta,Pasta Shoppe,10OZ
4078498650,SAN MARZANO MARINARA SCE,pasta sauce,San Marzano,26 OZ
4112900005,CLSCO BASIL PESTO SAUCE,pasta sauce,Classico,10 OZ
4112900006,CLASSICO SUN DRIED TOMATO,pasta sauce,Classico,10    OZ
4112907700,CLSCO SAUCE TOMATO/GARLIC,pasta sauce,Classico,26 OZ
4112907702,CLSCO SAUCE ITALIAN SAUSG,pasta sauce,Classico,26 OZ
4112907705,CLASSICO VODKA SAUCE,pasta sauce,Classico,26 OZ
4112907712,CLSCO SAUCE TOMATOE BASIL,pasta sauce,Classico,26 OZ
4112907722,CLASSICO MUSH&RIPE OLIVES,pasta sauce,Classico,26 OZ
4112907742,CLASSICO SPICY RED PEPPER,pasta sauce,Classico,26 OZ
4112907755,CLASSICO SUN DRIED TOMATO,pasta sauce,Classico,26 OZ
4112907762,CLASSICO FOUR CHEESE SCE,pasta sauce,Classico,26 OZ
4112907763,CLASSICO ALFREDO DI ROMA,pasta sauce,Classico,16    OZ
4112907764,CLSCO ALFREDO ROAST GARLC,pasta sauce,Classico,16 OZ
4112907769,CLASSICO SUN DRIED TOMATO,pasta sauce,Classico,16 OZ
4112907775,CLSCO SPICY TOMATO SAUCE,pasta sauce,Classico,26 OZ
4112907776,CLSCO SAUCE FLORENTINE,pasta sauce,Classico,26 OZ
4112907782,CLASSICO SORRENTO/GAR SAU,pasta sauce,Classico,26 OZ
4112907785,CLASSICO\TRIPLE MUSHROOM,pasta sauce,Classico,26 OZ
4112907787,CLASSICO TOMATO ALFREDO,pasta sauce,Classico,26 OZ
4112907790,CLASSICO SWEET BASIL MARI,pasta sauce,Classico,26    OZ
4112927200,CLASSICO GRD VEG PRIMAVER,pasta sauce,Classico,26 OZ
4112927445,CLSCO CABERNET MARINARA,pasta sauce,Classico,26 OZ
4112927463,CLASSICO FOUR CHEESE ALFR,pasta sauce,Classico,16 OZ
4119606056,PROGRESSO WHITE CLAM SCE,pasta sauce,Classico,15 OZ
4119606063,PROGRESSO RED CLAM SAUCE,pasta sauce,Classico,15 OZ
4119607102,PROGRESSO MARINARA SCE,pasta sauce,Classico,12 OZ
4127857643,B F PASTA SCE MARINARA,pasta sauce,B F,24 OZ
4144900110,KRUSTEAZ COMP BM PANCAKE,pancake mix,Krusteaz,32 OZ
4144900128,KRUSTEAZ BLUEBRY PANCAKE,pancake mix,Krusteaz,28 OZ
4144900186,KRUSTEAZ BELGIAN WAFFLE,pancake mix,Krusteaz,28 OZ
4146031105,PIONEER CMPLT BTRMLK PNCK,pancake mix,Pioneer,32 OZ
4146031120,PIONEER NF BTRMLK PNCK MX,pancake mix,Pioneer,32 OZ
4149000002,PENNANT WAFFLE SYRUP,syrups,Pennant,12 OZ
4149000101,BOB WHT GOLDEN SYRUP,syrups,Pennant,16 OZ
4149000102,BOB WHT CRYST WHT SYRUP,syrups,Pennant,16 OZ
4149000246,PENNANT WAFFLE SYRUP,syrups,Pennant,24 OZ
4149000247,PENNANT SYRUP BTR MAPLE,syrups,Pennant,24 OZ
4149001111,BOB WHT CRYS WHT SYR PLST,syrups,Pennant,32 OZ
4149073614,KING SYRUP GOLDEN,syrups,Pennant,16 OZ
4149080982,PENNANT LITE SYRUP,syrups,Pennant,24 OZ
4163100055,LUND SWEDE PANCAKE MIX,pancake mix,Lund Swede,12.00Z
4169513624,BRASWELL BLUEBERRY SYRUP,syrups,Braswell,8 OZ
4300000026,LOG CABIN SYRUP REG,syrups,Log Cabin,P    24
4300000036,LOG CABIN ORIG SYRUP,syrups,Log Cabin,12    OZ
4300000037,LOG CABIN SYRUP REG,syrups,Log Cabin,P    24
4300000039,LOG CABIN ORIG SYRUP,syrups,Log Cabin,36    OZ
4300000051,LOG CABIN LITE SYRUP,syrups,Log Cabin,12 OZ
4300000052,LOG CABIN LITE PITCHER PA,syrups,Log Cabin,24 OZ
4300000064,COUNTRY KITCHEN\ LITE 64,syrups,Log Cabin,24 FL OZ
4300000066,LOG CABIN CNTRY KIT SYRUP,syrups,Log Cabin,24 OZ
4300000113,CNTRY KITCHEN\BTTER SYRUP,syrups,Log Cabin,24 FL OZ
4300000115,LOG CABIN BUTTER SYRUP,syrups,Log Cabin,24 OZ
4300000120,LOG CABIN SUGAR FREE,syrups,Log Cabin,12 OZ
4300034901,LOG CABIN MAPLE PANCAKE/W,syrups,Log Cabin,########
4380045001,BUITONI MARINARA SAUCE,pasta sauce,Buitoni,14 OZ
4380045005,CONTADINA MARINARA SAUCE,pasta sauce,Buitoni,26 OZ
4380045006,BUITONI MUSHROOM SAUCE,pasta sauce,Buitoni,26 OZ
4380045007,BUITONI GARDEN VEG SAUCE,pasta sauce,Buitoni,26 OZ
4380045008,BUITONI TOM/GRLC/ON SAUCE,pasta sauce,Buitoni,26 OZ
4420900085,LOG CABIN SUGR FREE SYRUP,syrups,Log Cabin,24OZ
4420929008,MRS BUTTERWORTH\LT SYRUP,syrups,Mrs Butterwor,36 FL OZ
4420929012,M BTTRWRTH LITE SYRUP,syrups,Mrs Butterwor,12 OZ
4420929024,MRS BUTTERWORTH LITE SYRU,syrups,Mrs Butterwor,24 OZ
4420929047,MR BUTTERWORTH SUGAR FREE,syrups,Mrs Butterwor,24 OZ
4420930112,MRS BUTTERWORTH PANCAKE M,pancake mix,Mrs Butterwor,32 OZ
4420930139,M BTTRW BMC MIX PP1.69,pancake mix,Mrs Butterwor,2 LB
4420930142,MRS BTRWRTH PCAKE MIX COM,pancake mix,Mrs Butterwor,32 OZ
4420930321,M BTTRWRTH PCKE MX OLD F,pancake mix,Mrs Butterwor,32 OZ
4420979129,MRS BUTTERWORTH SYRUP,syrups,Mrs Butterwor,24 OZ
4420979138,MRS BUTTERWORTH SYRUP,syrups,Mrs Butterwor,24 OZ
4420979224,M BTTRWRTH SYRUP ORIGINAL,syrups,Mrs Butterwor,12 OZ
4420979347,M BUTTWRTH ORIGINAL SYRUP,syrups,Mrs Butterwor,36 OZ
4732500750,MUELLER R/C ELBOWS,pasta,Mueller,12 OZ
4732500751,MUELLER R/C PENNE RIGATE,pasta,Mueller,12 OZ
4732500752,MUELLER R/C ROTINI,pasta,Mueller,12 OZ
4732500753,MUELLER R/C SPAGHETTI,pasta,Mueller,12 OZ
4732500754,MUELLER R/C LASAGNA,pasta,Mueller,12 OZ
4732530205,MUELLER MINI PENNE,pasta,Mueller,16 OZ
4732530208,ITALIAN MOSTACCIOLI,pasta,Mueller,17.7 OZ
4747900008,RAOS ITAL SAUS&MUSHRM SCE,pasta sauce,Raos,24 OZ
4747900009,RAOS ITAL PEP & MUSH SAUC,pasta sauce,Raos,24 OZ
4747900014,RAOS CUORE POMODORO SAUCE,pasta sauce,Raos,24    OZ
4747900026,RAOS PASTA SPAGHETTI,pasta,Raos,17 OZ
4747900027,RAOS PASTA LINGUINE,pasta,Raos,17 OZ
4747900029,RAOS PASTA PENNE RIGATE,pasta,Raos,17 OZ
4747900034,RAOS PASTA RIGATONI,pasta,Raos,17.6 OZ
4747900035,RAOS PASTA FUSILLI,pasta,Raos,17 OZ
4747900037,RAOS PASTA STROZZAPPRETI,pasta,Raos,17 OZ
4747900038,RAOS PASTA TRI-CLR FARFLL,pasta,Raos,17 OZ
4747900040,RAOS PASTA CASERECCE,pasta,Raos,17 OZ
4767428776,CASTELNA FOGLIE D AUTUNNO,pasta,Castelna,17.6 OZ
4767441131,CASTELNA TRECCE DEL ORTO,pasta,Castelna,17.6 OZ
4800105010,KARO BLUE LABEL SYRUP,syrups,Karo,16 OZ
4800105040,KARO BLUE SYRUP,syrups,Karo,32 OZ
4800105110,KARO RED LABEL SYRUP,syrups,Karo,16 OZ
4800105140,KARO LITE RD CORN SYRUP,syrups,Karo,32 OZ
4800105210,KARO WAFFLE SYRUP,syrups,Karo,16 OZ
4800105230,KARO GREEN LABEL SYRUP,syrups,Karo,32 OZ
4800105515,GOLDEN GRIDDLE SYRUP ORIG,syrups,Karo,24 OZ
4817210042,CARA NONA PSTA GNOCCONI,pasta,Cara Nona,12.7 OZ
4817210044,CARA NONA PSTA ARMONICHE,pasta,Cara Nona,12.7 OZ
4823910502,WALNUT ACRES ORG MARN SCE,pasta sauce,Walnut Acres,25.5 OZ
4850550721,LUCINI PSTA SCE SPCY TSCA,pasta sauce,Lucini,25.5 OZ
4850555720,LUCINI PSTA SCE ARTICHOKE,pasta sauce,Lucini,25.5 OZ
4850555721,LUCINI PSTA SCE OLIVE&WLD,pasta sauce,Lucini,25.5 OZ
4850555722,LUCINI PSTA SCE EGGPLANT&,pasta sauce,Lucini,25.5 OZ
5100001210,PREGO MUSH & GRN PEPPER S,pasta sauce,Prego,27.75 OZ
5100001212,PREGO MUSHROOM & GARLIC,pasta sauce,Prego,26    OZ
5100001214,PREGO TOM/ONION/GARLIC SC,pasta sauce,Prego,26 OZ
5100001588,CLUB-1PREGO SPAG SAUCE,pasta sauce,Prego,67  OZ
5100001598,PREGO SAUCE W/MUSHROOMS,pasta sauce,Prego,67 OZ
5100002511,PREGO SPAG SAUCE PLAIN,pasta sauce,Prego,48 OZ
5100002548,PREGO SPAG SAUCE PLAIN,pasta sauce,Prego,14 OZ
5100002549,PREGO REG SPAGHETTI SAUCE,pasta sauce,Prego,26 OZ
5100002792,PREGO MEAT PASTA SAUCE,pasta sauce,Prego,48    OZ
5100002794,PREGO SPAG SAUCE MEAT,pasta sauce,Prego,26 OZ
5100002796,PREGO MUSHROOM SPAG SAUCE,pasta sauce,Prego,26 OZ
5100002797,PREGO MUSHROOM SPAG SAUCE,pasta sauce,Prego,48 OZ
5100002799,PREGO MARINARA SAUCE,pasta sauce,Prego,25 OZ
5100005043,PREGO THREE CHEESE PASTA,pasta sauce,Prego,28    OZ
5100005044,PREGO GARDEN COMBINATON,pasta sauce,Prego,25.75 OZ
5100005045,PREGO ZESTY MUSH/X SPICY,pasta sauce,Prego,26 OZ
5100008725,PREGO X CKY GARDEN COMBO,pasta sauce,Prego,48 OZ
5100010546,PREGO RST GARLIC PARMESAN,pasta sauce,Prego,26 OZ
5100011464,PREGO MUSHROOM SUPREME SC,pasta sauce,Prego,25.75 OZ
5100012013,(S)PREGO RICOTTA PARMESAN,pasta sauce,Prego,28    OZ
5100012014,PREGO MUSHROOM PARMSAN,pasta sauce,Prego,26 OZ
5100012909,PREGO RED PEPPER/GRLIC,pasta sauce,Prego,26 OZ
5100012910,PREGO RSTD GRLC/HRB SAUCE,pasta sauce,Prego,26 OZ
5100012911,PREGO ITALIAN SAUSAGE,pasta sauce,Prego,25.6 OZ
5100012912,PREGO HAMBURGER PASTA SCE,pasta sauce,Prego,26 OZ
5100013281,PREGO MINI MEATBALL PASTA,pasta sauce,Prego,26    OZ
5100013283,PREGO CHICKEN W/PARMESAN,pasta sauce,Prego,27.75 OZ
5100013826,PREGO PASTA BAKE TOM/GAR/,pasta sauce,Prego,27.50 OZ
5100013827,PREGO THREE CHSE MARINARA,pasta sauce,Prego,27.75 OZ
5100013828,PREGO MUSRM GAR&ONION SCE,pasta sauce,Prego,27.5 OZ
5100013829,PREGO PASTA BAKE SAUC,pasta sauce,Prego,27.75 OZ
5100013830,PREGO HEARTY MEAT SAUCE,pasta sauce,Prego,27.75 OZ
5100014985,PREGO ITALIAN SAUSAGE,pasta sauce,Prego,25.6 OZ
5100014986,PREGO REG SPAGHETTI SAUCE,pasta sauce,Prego,26 OZ
5100014987,PREGO SPAG SAUCE MEAT,pasta sauce,Prego,26 OZ
5100015055,PREGO HEARTY MT MEATBALL,pasta sauce,Prego,27.5 OZ
5100015056,PREGO HEARTY MT ITALIAN S,pasta sauce,Prego,27.5 OZ
5100015057,PREGO HEARTY MT FRSH MUSH,pasta sauce,Prego,27.5 OZ
5100015194,PREGO MUSHROOM SPAG SAUCE,pasta sauce,Prego,26 OZ
5100015554,PREGO HEARTY 3 MEAT SUPRM,pasta sauce,Prego,27.5 OZ
5122300002,JOEYS POTS&PANS VODKA SCE,pasta sauce,Joey's,24 OZ
5150002681,SMUCKERS BLACKBERRY SYRUP,syrups,Smuckers,12 OZ
5150002682,SMUCKER BLUEBRY FRUIT SYR,syrups,Smuckers,12 OZ
5150002683,SMUCKER BOYSENBERRY SYRUP,syrups,Smuckers,12 OZ
5150002684,SMUCK RED RASPBERRY SYRUP,syrups,Smuckers,12 OZ
5150002685,SMUCKER STRAWBERRY SYRUP,syrups,Smuckers,12 OZ
5150004231,SMUCKERS SUGARFREE MAPLE,syrups,Smuckers,14.5 OZ
5346901001,DAVES GLDN HRLM PSTA SCE,pasta sauce,Dave's,26 OZ
5346901002,DAVES SCE ORGNC RD HEIRLM,pasta sauce,Dave's,26 OZ
5346901003,DAVES WLD MSHRM PSTA SCE,pasta sauce,Dave's,26 OZ
5346901004,DAVES ORG RSTD GAR&SWT BS,pasta sauce,Dave's,26 OZ
5390000031,CARY SUGARFREE SYRUP,syrups,Cary's,12 OZ
5390000032,CARY S SUGR FREE SYRUP,syrups,Cary's,24 OZ
5390002015,CARY PURE MAPLE SYRUP,syrups,Cary's,8 OZ
5390002025,CARYS PURE MAPLE SYRUP,syrups,Cary's,12.5 OZ
5861006232,BROTHERS SPAGHETTI SAUCE,pasta sauce,Brother's,23OZ
6138914020,VRMT GLD PURE MPL SYRP,syrups,Vermont Gold,8.5 OZ
6172005010,KARO BLUE LABEL SYRUP,syrups,Karo,16 OZ
6172005040,KARO BLUE SYRUP,syrups,Karo,32 OZ
6172005110,KARO RED LABEL SYRUP,syrups,Karo,16 OZ
6172005140,KARO LITE RD CORN SYRUP,syrups,Karo,32 OZ
6172005180,KARO RED SYRUP,syrups,Karo,GAL
6172005210,KARO WAFFLE SYRUP,syrups,Karo,16 OZ
6172005230,KARO GREEN LABEL SYRUP,syrups,Karo,32 OZ
6172075181,KARO CORN SYRUP W/BRW SGR,syrups,Karo,16 OZ
6414404236,CHEF PIZZA SAUCE CHEESE,pasta sauce,Chef Pizza,15 OZ
6566711853,ANNIE CHNS SPCY HUN NDLE,pasta,Annie Chns,8 OZ
6566712285,ANNIE CHNS THAI BASL NDLE,pasta,Annie Chns,8 OZ
6738703004,DREAMFIELD SPAGHETTI,pasta,Dreamfield,16 OZ
6738703009,DREAMFIELD ELBOW MAC,pasta,Dreamfield,16 OZ
6738703019,DREAMFIELD PENNE RIGATE,pasta,Dreamfield,16 OZ
6738703055,DREAMFIELD LINGUINE,pasta,Dreamfield,16 OZ
6806202137,ORZO ITALPASTA,pasta,Orzo,2 LB
6971911121,PATSY S MARINARA SAUCE,pasta sauce,Patsy's,16 OZ
6971911131,PATTY  MARINARA SAUCE,pasta sauce,Patsy's,24 OZ
6971911221,PATSY TOM/BASIL PASTA SCE,pasta sauce,Patsy's,16 OZ
6971911231,PATSYS TOMATO BASIL SAUCE,pasta sauce,Patsy's,24 OZ
6971911321,PATSY FRA-DIAVOLO SAUCE,pasta sauce,Patsy's,16 OZ
6971911331,PATSYS FRA DIAVOTO SAUCE,pasta sauce,Patsy's,24 OZ
6971911421,PATSY PUTTANESCA SAUCE,pasta sauce,Patsy's,16 OZ
6971911431,PATSYS PUTTANESCA SCE 24Z,pasta sauce,Patsy's,KH# 6178
6971911521,PATSY VODKA PASTA SAUCE,pasta sauce,Patsy's,16 OZ
6971911531,PATSYS VODKA SAUCE 24 OZ,pasta sauce,Patsy's,KH# 6177
6971911721,PATSY PIZZALOLA SAUCE,pasta sauce,Patsy's,16 OZ
6971911731,PATTY PIZZAILO SAUCE,pasta sauce,Patsy's,24 OZ
6971941100,PATSY RSTD YLW/RED PEPPER,pasta sauce,Patsy's,11.6
6971941200,PATSY ROASTED EGGPLANT,pasta sauce,Patsy's,11.6
6971941400,PATSY ROASTED ONION 12 OZ,pasta sauce,Patsy's,KH# 6933
7021812015,PASTARISO BRN RICE SPAG,pasta,Pastariso,10 OZ
7030500701,HOWARDS PURE MAPLE SYRUP,syrups,Howard's,8.5 OZ
7065070051,ARLOWE SPAG NOTTA PASTA,pasta,Arlow,1 LB
7065070052,NOTTA PASTA LINGUINE,pasta,Notta,1 LB
7065070053,NOTTA PASTA FETTUCCINE,pasta,Notta,P     1
7067000690,DAVINCI GNOCCHI W/POTATO,pasta,DaVinci,16 OZ
7067000697,DAVINCI FUSILE TRI COLOR,pasta,DaVinci,16 OZ
7067000721,DA VINCI LASAGNA 16 OZ,pasta,DaVinci,KH# 6862
7067000722,DA VINCI FETTUCCINE,pasta,DaVinci,1 LB
7067000723,DA VINCI LINGUINE,pasta,DaVinci,16 OZ
7067000725,DA VINCI SPAG/VERMICELLI,pasta,DaVinci,1 LB
7067000726,DAVINCI\PASTA SPAGHETTI,pasta,DaVinci,16 OZ
7067000727,DA VINCI RIGATONI,pasta,DaVinci,P    16
7067000728,DA VINCI FUSILLI SPRINGS,pasta,DaVinci,1 LB
7067000729,DAVINCI RIGATE MOSTACO,pasta,DaVinci,16 OZ
7067000730,DA VINCI GNOCCHI,pasta,DaVinci,16 OZ
7067000731,DAVINCI CONCHI SEA SHELLS,pasta,DaVinci,16 OZ
7067000732,DA VINCI ROTELLE WAGON WH,pasta,DaVinci,16 OZ
7067000733,DA VINCI ROSE MARIA ORZO,pasta,DaVinci,1 LB
7067000735,DA VINCI FARFALLE MEDIA B,pasta,DaVinci,1 LB
7067000736,DA VINCI CANNELONI MANICO,pasta,DaVinci,8 OZ
7067000738,DA VINCI SPINACH NESTS,pasta,DaVinci,16 OZ
7067000739,DA VINCI FETTUCCINE NESTS,pasta,DaVinci,16 OZ
7067000740,DAVINCI CUT ZITI,pasta,DaVinci,16 OZ
7067000741,DA VINCI ROTINI,pasta,DaVinci,1 LB
7067000742,DA VINCI JUMBO SHELLS,pasta,DaVinci,P    12
7067000749,DAVINCI VARITY TRI COLOR,pasta,DaVinci,16 OZ
7067000751,DAVINCI ANGEL HAIR NESTS,pasta,DaVinci,1 LB
7067000840,DAVINCI REGULR TORTELLINI,pasta,DaVinci,7    OZ
7067000841,DAVINCI SPINCH TORTELLINI,pasta,DaVinci,7    OZ
7067000843,DAVINCI MULTCLR TORTELLIN,pasta,DaVinci,7    OZ
7067000846,DA VINCI WHL WHT PENNE,pasta,DaVinci,12 OZ
7067000847,DA VINCI WHL WHT ELBOWS,pasta,DaVinci,12 OZ
7067000871,DAVINCI ORG SPAGHETTI,pasta,DaVinci,16    OZ
7067000872,DA VINCI ITL ORG FETTUCIN,pasta,DaVinci,1 LB
7067000875,DA VINCI ITL ORG PENNE,pasta,DaVinci,1 LB
7067000876,DA VINCI ITL ORG ROTINI,pasta,DaVinci,P     1
7067000877,DA VINCI ITL ORG BOWTIES,pasta,DaVinci,1 LB
7075304162,ANTOINES CAVATAPPI 12 OZ,pasta,Antoine's,KH# 2793
7079624005,BELLINO GNOCCHI W/SPIN,pasta,Bellino,16 OZ
7079670001,CENTO WHITE CLAM SAUCE,pasta sauce,Cento,10.5 OZ
7079670002,CENTO CLAM SAUCE RED,pasta sauce,Cento,10.5 OZ
7079691000,BELLINO FLY PREPARE SPAG,pasta sauce,Bellino,32 OZ
7092004128,KNOTTS BOYSENBERRY SYRUP,syrups,Knott's,12 OZ
7107200320,ALESSI PASTA ORECCHIETTE,pasta,Alessi,16 OZ
7107200322,ALESSI CAVATELLI PASTA,pasta,Alessi,16 OZ
7107200324,ALESSI PASTA CASARECCI,pasta,Alessi,16 OZ
7107200406,ALESSI FRA DIAVOLO SAUCE,pasta sauce,Alessi,24 OZ
7107201136,ALESSI RASP WHT BALSAMIC,pasta,Alessi,8.5 OZ
7107201237,ALESSI PESTO SAUCE,pasta sauce,Alessi,3.5 OZ
7130000001,RONZONI ZITI RIGATI,pasta,Ronzoni,16 OZ
7130000002,RONZONI CUT ZITI,pasta,Ronzoni,16 OZ
7130000008,RONZONI SPAGHETTI #8,pasta,Ronzoni,16 OZ
7130000009,RONZONI\THIN SPAG NOODLES,pasta,Ronzoni,16 OZ
7130000010,RONZONI VERMICELLI #10,pasta,Ronzoni,16 OZ
7130000011,RONZONI CAPELLINI,pasta,Ronzoni,SO   16
7130000012,RONZONI ANGEL HAIR PASTA,pasta,Ronzoni,12 OZ
7130000017,RONZONI LINGUINE NO 17,pasta,Ronzoni,1 LB
7130000020,RONZONI ANGEL HAIR PASTA,pasta,Ronzoni,16 OZ
7130000022,RONZONI MEDIUM SHELLS,pasta,Ronzoni,16 OZ
7130000027,RONZONI\RIGATONI NOODLES,pasta,Ronzoni,16 OZ
7130000035,RONZONI ELBOW MACARONI,pasta,Ronzoni,16 OZ
7130000036,RONZONI CVTPPI ELBW TWIST,pasta,Ronzoni,16 OZ
7130000047,RONZONI ORZO NO 47,pasta,Ronzoni,1 LB
7130000063,RONZONI TRI COLOR ROTINI,pasta,Ronzoni,12 OZ
7130000066,RONZONI BOW TIES,pasta,Ronzoni,CR   16
7130000075,RONZONI ROTINI,pasta,Ronzoni,16 OZ
7130000076,RONZONI PENNE RIGATE,pasta,Ronzoni,16 OZ
7130000080,RONZONI CURLY LASAGNE NO,pasta,Ronzoni,1 LB
7130000081,RONZONI\OVEN RDY LASAGNE,pasta,Ronzoni,8 OZ
7130000086,RONZONI MOSTACCIOLI RGATI,pasta,Ronzoni,16 OZ
7130000088,RONZONI SPAGHETTI,pasta,Ronzoni,8 OZ
7130000122,RONZONI TRIO ITALIANO,pasta,Ronzoni,16 OZ
7130000124,RONZONI ROTELLE,pasta,Ronzoni,16 OZ
7130000126,RONZONI GERMELLI,pasta,Ronzoni,16 OZ
7130000135,RONZONI FETTUCCINE FLOREN,pasta,Ronzoni,12 OZ
7130000136,RONZONI\ROASTED GAR FETT,pasta,Ronzoni,12 OZ
7130000140,RONZONI TOM BSL LINGUINE,pasta,Ronzoni,12 OZ
7130000141,RONZONI LMN PPR ANGL HAIR,pasta,Ronzoni,12 OZ
7130030010,RONZONI 3 CHS TORTELLINI,pasta,Ronzoni,8.8 OZ
7130030011,RONZONI RICOTTA/SPIN TORT,pasta,Ronzoni,8.8 OZ
7130030013,RONZONI CHS/GRLC TORTELLI,pasta,Ronzoni,8.8 OZ
7140300201,FERRARA WHITE CLAM SAUCE,pasta sauce,Ferrara,10.5 OZ
7140303210,FERRARA GNOCCHI W/POTATO,pasta,Ferrara,16 OZ
7140303301,FERRARA LASAGNA BXD,pasta,Ferrara,16 OZ
7140303303,FERRARA JUMBO SHELLS BXD,pasta,Ferrara,12 OZ
7140303309,FERRARA CAPELLINI PASTA,pasta,Ferrara,16 OZ
7140303340,FERRARA PENNE MOSTACCIOLI,pasta,Ferrara,16 OZ
7151800016,*HODGE WHEAT SPAGHETTI,pasta,Hodgson Mills,16 OZ
7151800017,*HODGE WHEAT LASAGNA,pasta,Hodgson Mills,8 OZ
7151800018,H M WHL WHT ELBOW MACARON,pasta,Hodgson Mills,16 OZ
7151800020,H M WHL WHT EGG NOODLES,pasta,Hodgson Mills,12 OZ
7151800022,HODGSON WW SPINACH SPA,pasta,Hodgson Mills,16 OZ
7151800023,H M WHL WHEAT FETTUCCINI,pasta,Hodgson Mills,P    12
7151800024,HODG MILL WHO WHT SPIRALS,pasta,Hodgson Mills,NO TAG
7151800025,HODGSON SEMO VEGGIE BO,pasta,Hodgson Mills,16.00  O
7151800026,HOD MILL VEGGIE ROTINI,pasta,Hodgson Mills,N    16
7151800030,H M WHL WHT RADIATORE 16Z,pasta,Hodgson Mills,KH# 2074
7151800033,H M WHL WHT ANGEL HAIR,pasta,Hodgson Mills,16 OZ
7151802022,HODGSON BUTERMILK PANC,pancake mix,Hodgson Mills,2 LB
7151802024,HODGSON  BUCKWHEAT PAN,pancake mix,Hodgson Mills,32 OZ
7151802028,HM MUTLIGRN W/FLXSD PNCK,pancake mix,Hodgson Mills,16 OZ
7171000134,R&F VERMICELLI,pasta,R&F,16 OZ
7171000138,R&F MOSTACCIOLI PASTA,pasta,R&F,16 OZ
7171000159,R&F CURLY LASAGNA,pasta,R&F,16 OZ
7171000177,RF MANICOTTI,pasta,R&F,8 OZ
7171000225,R&F SPAGHETTI-POLY,pasta,R&F,12 OZ
7171000670,R&F KLUSKI NOODLES,pasta,R&F,12 OUNCE
7173000676,WACKY MAC VEGGIE SPIRALS,pasta,Wacky Mac,12 OZ
7173000677,WACKY MAC VEGGIE SHAPES,pasta,Wacky Mac,12 OZ
7173000715,NO YOLKS EXTRA BROAD NOOD,pasta,No Yolks,12 OZ
7173000716,NO YOLKS BROAD EGG NOODLE,pasta,No Yolks,12 OZ
7173000720,NO YOLKS DUMPLINGS NOODLE,pasta,No Yolks,12 OZ
7173000722,NO YOLKS X BRD EGG NOODLE,pasta,No Yolks,6 OZ
7173000728,NO YOLKS BROAD EGG NOODLE,pasta,No Yolks,6 OZ
7173000729,NO YOLKS DMPLNGS EGG NDLS,pasta,No Yolks,6 OZ
7173000731,NO YOLKS FINE EGG NOODLES,pasta,No Yolks,6 OZ
7209800100,M WEISS X-FINE NOODLES,pasta,Mrs Weiss,10 OZ
7209800102,WEISS W NOODLES 9297,pasta,Mrs Weiss,10 OZ
7209800200,MRS WEISS KLUSKI NOODLES,pasta,Mrs Weiss,8 OUNCE
7209800250,MRS WEISS KLUSKI EGG NDL,pasta,Mrs Weiss,16 OZ
7224825064,AMORE PESTO IN TUBES,pasta sauce,Amore,2.8 OZ
7306000210,HSE HERB BLKSTRP MOLASSES,syrups,HSE,15 OZ
7331643113,ENRICO SPAG SCE-TRADTL,pasta sauce,Enrico,15.5 OZ
7331643210,ENRICO SPAGH SAUCE-N/S,pasta sauce,Enrico,26 OZ
7349015069,KEDEM SAVION ELBOWS,pasta,Kedem,12 OZ
7468300007,MGF BLUEBERRY PANCAKE MIX,pancake mix,Maple Grove,24 OUNCE
7468300008,MPL GRV PANCKE MIX BTR/HN,pancake mix,Maple Grove,24    OZ
7468300009,MGF HNY BUCKWHEAT PNCK MX,pancake mix,Maple Grove,24 OZ
7468300310,MAPLE GROVE SYRUP DRK AMB,syrups,Maple Grove,12.5 OZ
7468300312,VERMONT 100% PURE MAPLE S,syrups,Maple Grove,16 OZ
7468300313,MAPLE GROVE PURE DK MA,syrups,Maple Grove,8 OZ
7468300551,VERMONT S F PANCAKE SYRUP,syrups,Maple Grove,12 OZ
7468300552,COZY COTTAGE S/F SYRUP,syrups,Cozy Cottage,12 OZ
7468300554,COZY COTTAGE SYRUP S/FREE,syrups,Cozy Cottage,24 OZ
7468309945,EMERIL SCE PEPR PSTA,pasta sauce,Emeril's,26    OZ
7468309946,EMERIL HOMESTYLE MARINA R,pasta sauce,Emeril's,25 OZ
7468309947,EMERILS VODKA SAUCE,pasta sauce,Emeril's,25 OZ
7468309948,EMERILS PUTTANESCA SAUCE,pasta sauce,Emeril's,25 OZ
7468309949,EMERILS ROSTED GARLIC SCE,pasta sauce,Emeril's,25 OZ
7468309950,EMERILS KCKD UP TOMATO SC,pasta sauce,Emeril's,P    25
7468330800,MPL GRV PURE SYRP JUG,syrups,Maple Grove,16 OZ
7468390200,LOG CABIN SYRUP,syrups,Maple Grove,16.9 OZ
7488810119,MAYACMAS PESTO SAUCE,pasta sauce,Mayacmas,.50 OZ
7488820201,MAYA HOLLNDAISE SCE MX,pasta sauce,Mayacmas,1.1 OZ
7489000110,LYLES GOLDEN SYRUP TIN,syrups,Lyles,10.6 OZ
7518100810,EDDIE DVEG CONFETTI PASTA,pasta,Eddie,12 OUNCE
7518100817,EDD OG VEG ALPHABETS,pasta,Eddie,12 OZ
7520000912,RDNBRY CANE PTCH SYRUP,syrups,Northwoods,12 OZ
7520000936,NRTHWDS BTR MPL FLV SYRUP,syrups,Northwoods,24 OZ
7520000937,NRTHWDS BTR MPL FLV SYRUP,syrups,Northwoods,12 OZ
7520000967,RODDENBERY LT CORN SYURP,syrups,Northwoods,16 OZ
7520000974,NRTHWDS MPL FLV SYRUP,syrups,Northwoods,12 OZ
7520000976,NRTHWD MPL FLV SYRUP PLST,syrups,Northwoods,24 OZ
7520000977,NORTHWDS MAPLE SYRUP,syrups,Northwoods,36 OZ
7520000978,NTHWDS SF LW CAL SYRUP,syrups,Northwoods,24 OZ
7520000980,NRTHWDS LITE RED CAL SYRU,syrups,Northwoods,24 OZ
7520000984,OLD PLANTATION MOLASSES,syrups,Northwoods,12 OZ
7546203420,DELL ALPE TORTELLINI 7 OZ,pasta,Dell Alpe,%KH# 939
7546203425,DEL ALPE TRI CLR TORTELLI,pasta,Dell Alpe,7 OZ
7546203435,DEL ALPE CHEESE RAVIOLINI,pasta,Dell Alpe,7 OZ
7546203706,DELL ALPE FETTUCINE,pasta,Dell Alpe,16 OZ
7546203734,DELL ALPE FUSILLI,pasta,Dell Alpe,16 OZ
7546203810,DEL ALPE EGG FETTUCINE 8Z,pasta,Dell Alpe,KH# 1828
7546203812,DELL ALPE SPNCH FETTUCINE,pasta,Dell Alpe,8 OZ
7546203814,D A TRI COLR FETTUCINE 8Z,pasta,Dell Alpe,KH# 1828
7546203818,DEL ALPE BASIL TOM LINQUI,pasta,Dell Alpe,8 OZ
7546203820,DEL ALPE BASIL/GRLC LINQU,pasta,Dell Alpe,8 OZ
7546203825,DEL ALPE SPNCH/EGG ANG,pasta,Dell Alpe,8 OZ
7546203826,DEL ALPE ANGEL HAIR 8 OZ,pasta,Dell Alpe,KH# 1827
7546203832,DEL ALPE LEM PEP LINGUINE,pasta,Dell Alpe,8 OZ
7546203834,DEL ALPE HOT FETT ARRA,pasta,Dell Alpe,8 OZ
7546203836,DEL ALPE PARSLEY PARM,pasta,Dell Alpe,8 OZ
7582281003,CLASSIQUE FARE BELGN WAFF,pancake mix,Classique,16 OZ
7680828008,BARILLA SPAGHETTI PASTA,pasta,Barilla,16    OZ
7680828009,BARILLA THIN SPAGHETTI PS,pasta,Barilla,16    OZ
7680828017,BARILLA LINGUINI PASTA,pasta,Barilla,16 OZ
7680828071,BARILLA MOSTACCIOLI,pasta,Barilla,16 OZ
7680828073,BARILLA PENNE RIGATE,pasta,Barilla,16 OZ
7680828083,BARILLA MINI RIGATONI {A},pasta,Barilla,16 OZ
7680828098,BARILLA ROTINI,pasta,Barilla,16 OZ
7680850106,BARILLA ANGEL HAIR,pasta,Barilla,16 OZ
7680850108,BARILLA FARFALLE PASTA,pasta,Barilla,16 OZ
7680850112,BARILLA CONCHIGLIE PSTA,pasta,Barilla,16    OZ
7680850294,(S)BARILLA RIGATONI PASTA,pasta,Barilla,16 OZ
7680850295,BARILLA MINI PENNE PASTA,pasta,Barilla,16 OZ
7680850643,(S)BARILLA GEMELLI PASTA,pasta,Barilla,16 OZ
7680850738,BARILLA FETTUCCINE PSTA,pasta,Barilla,16 OZ
7680851398,BARILLA ORZO PASTA,pasta,Barilla,16    OZ
7680851433,BARILLA CAMPANELLE PASTA,pasta,Barilla,16 OUNCE
7680851437,BARILLA CELLENTANI PASTA,pasta,Barilla,16    OZ
7680851504,BARILLA SPAGHETTONI   {A},pasta,Barilla,16 OZ
7680851558,BARILLA LASAGNA OVEN READ,pasta,Barilla,9    OZ
7680851613,BARILLA ELBOW PASTA,pasta,Barilla,16    OZ
7680851695,BARILLA EXTRA WIDE EGG NO,pasta,Barilla,12 OUNCE
7680851696,BARILLA WIDE EGG NOODLES,pasta,Barilla,12 OZ
7680851697,BARILLA RICOTTA SPINACH T,pasta,Barilla,8 OZ
7680851698,BARILLA TORT THREE CHEESE,pasta,Barilla,8 OZ
7680851699,BARILLA PORCINI MUSHRM TO,pasta,Barilla,8 OZ
7680851700,BARILLA RICOTTA ASPARAGUS,pasta,Barilla,8 OZ
7680851708,BARILLA JUMBO SHELS 12 OZ,pasta,Barilla,CUST REQ
7680851709,BARILLA MANICOTTI,pasta,Barilla,8    OZ
7680851798,BARILLA MEDIUM SHELLS,pasta,Barilla,16 OZ
7680851829,BARILLA TRI-COLOR ROTINI,pasta,Barilla,12 OZ
7680851917,BARILLA ELBOW PASTA,pasta,Barilla,16    OZ
7680852007,BARILLA PIPETTE PASTA,pasta,Barilla,12 OZ
7680852009,BARILLA FIORI SHORT CUT,pasta,Barilla,16OZ
7680852094,BARILLA GDN VEG PASTA SCE,pasta sauce,Barilla,26 OZ
7680852138,BARILLA ITALIAN CHEESE SC,pasta sauce,Barilla,26 OZ
7680852140,BARILLA TORT CHEES GARLIC,pasta,Barilla,8 OZ
7680852180,BARILLA SPAGHETTI RIGATI,pasta,Barilla,15 OZ
7680852289,BARILLA FETTUCCINE RIGATE,pasta,Barilla,14 OZ
7680852290,BARILLA BUCATINI RIGATI,pasta,Barilla,14 OZ
7680852291,BARILLA SHORT CUTS TUBINI,pasta,Barilla,16 OZ
7680852298,BARILLA 3 CHS TORTELLINI,pasta,Barilla,13 OZ
7680852299,BARILLA CHS/SPIN TORTLNI,pasta,Barilla,13OZ FML
7754482500,OSEM BISSLI FALAFEL,pancake mix,Osem Bissli,2.5 OZ
7914730119,DARIELLE PENNE PASTA,pasta,Darielle,12 OZ
7914730169,DARIELLE ELBOWS PASTA,pasta,Darielle,12 OZ
7914730189,DARIELLE MEZZE PENNE PSTA,pasta,Darielle,12 OZ
7935400232,SAND MOUNTAIN REGULAR SOR,syrups,Sand Mountain,########
7935411200,SORGHUM SYRUP MUG,syrups,Sand Mountain,20 OZ
8016301100,DEFINO NO BOIL LASAGNA,pasta,Defino,8 OZ
8134212301,ROSELLI MARINARA SPAG SCE,pasta sauce,Roselli,15.5 OZ
8134212307,ROSELLI S MARINARA SPAG S,pasta sauce,Roselli,25 OZ
8134212308,ROSELLI S MEAT SPAG SCE,pasta sauce,Roselli,25 OZ
8147532456,AL DENTE EGG FETTUCINI,pasta,Al Dente,12 OZ
8147534789,AL DENTE SPINACH FETTUCIN,pasta,Al Dente,12 OZ
8147546297,AL DENTE TOMATO FETTICINE,pasta,Al Dente,12 OZ
8147557893,AL DENTE BASIL FETTUCINE,pasta,Al Dente,12 OZ
8147571412,AL DEN WHL WHEAT FETTUCCI,pasta,Al Dente,12 OZ
8147571687,AL DENTE RED CHILI PEPPER,pasta,Al Dente,12 OZ
8147572543,AL DENTE LEMON CHIVE FETT,pasta,Al Dente,12 OZ
8147582014,AL DENTE FIESTA FETTUCINE,pasta,Al Dente,12 OZ
8147590123,AL DENTE SESAME LINGUINI,pasta,Al Dente,12 OZ
8147591234,AL DENTE 3 PEPPER FETTUCI,pasta,Al Dente,12 OZ
8147599847,AL DENTE GARLIC PARSLEY,pasta,Al Dente,12 OZ
8283244016,MOONLITE SORGHUM,syrups,Moonlite,16 OZ
8532801985,CANDONI PESTO CLASSICO,pasta sauce,Candoni,6.3 OZ
8532801989,CNDO PESTO/SUNDRIED TOMS,pasta sauce,Candoni,6.3 OZ
8532801991,CNDO PESTO MEDITERRANEAN,pasta sauce,Candoni,6.3 OZ
8616800119,MLINOTST WIDE NOODLES,pasta,Mlinotst,17.5 OZ
8616800120,MLINOTST FINE NOODLES,pasta,Mlinotst,17.5 OZ
8634157120,SLVR PAL\BALSAMCO VINEGAR,pasta sauce,Silver Palate,12.5 FL
8634160316,SLVR PALATE BALSAMICO SC,pasta sauce,Silver Palate,25 OZ
8692481596,EDD OG VEG ALPHABETS,pasta,Edd Og,12 OZ
8721601000,MICHELES HONEY CREME SYRU,syrups,Michele's,13 OZ
8721601001,MICHELES MAPLE CREME SYRU,syrups,Michele's,13 OZ
8721601002,MICHELES BUTTER PECAN SYR,syrups,Michele's,13 OZ
8798480301,CUCINA V G POTATO/SPINACH,pasta,Cucina,17.5 OZ
8912527000,QUINOA W/F PASTA SHELL 8Z,pasta,Quinoa,KH# 3972
8935363153,M C ARRIBIATA SAUCE 26 OZ,pasta sauce,M C,%KH# 294
8939710379,RAC FIRE RST SPC PPRS 3Z,pasta sauce,RAC,KH# 6825
9505900016,BARILLA PLUS SPAGHETTI,pasta,Barilla Plus,16 OZ
9505900017,BARILLA PLUS THIN SPHGTTI,pasta,Barilla Plus,16 OZ
9505900019,BARILLA PLUS PENNE,pasta,Barilla Plus,16 OZ
9505900020,BARILLA PLUS ELBOWS,pasta,Barilla Plus,16 OZ
9505900021,BARILLA PLUS ROTINI,pasta,Barilla Plus,16 OZ
9505900040,BARILLA PLUS ANGEL HAIR,pasta,Barilla Plus,16 OZ
9546900713,SINATRAS PESTO SAUCE,pasta sauce,Sinatra's,15 OZ
9546900714,SINATRAS ALFREDO SAUCE,pasta sauce,Sinatra's,15 OZ
9690600226,MOM S PASTA SAUCE ORIG,pasta sauce,Mom's,24 OZ
9690600614,TIMPONES MOMS SPGHTTI SCE,pasta sauce,Mom's,CR   14
9690602324,MOM S PASTA SCE SPCL M,pasta sauce,Mom's,24 OZ
9690602524,MOMS PUTTANESCA SCE 24 OZ,pasta sauce,Mom's,KH# 5844
9921055553,BIONATURE ORG PENNE,pasta,Bionature,6.5 OZ
9999900443,PRIVATE LABEL BRUSCHETA W,pasta sauce,Private Label,17 OZ
9999900716,PRIVATE LABEL ORIG SPAG S,pasta sauce,Private Label,48 OZ
9999908441,PRIVATE LABEL ELBOW MACAR,pasta,Private Label,4 LB
9999908446,PRIVATE LABEL SPAGHETTI,pasta,Private Label,4 LB
9999908451,PRIVATE LABEL X WIDE EGG,pasta,Private Label,1 LB
9999966070,PRIVATE LABEL BUTTERED SY,syrups,Private Label,P    24
9999966715,PRIVATE LABEL SPAG SCE TR,pasta sauce,Private Label,26 OZ
9999966720,PRIVATE LABEL SPAGHTTI SA,pasta sauce,Private Label,26 OZ
9999966721,PRIVATE LABEL SPAG SAUCE,pasta sauce,Private Label,26 OZ
9999967496,PRIVATE LABEL PANCAKE SYR,syrups,Private Label,36 OZ.
9999967586,PRIVATE LABEL CORN SYRUP,syrups,Private Label,16 OZ
9999967648,PRIVATE LABEL HONEY MAPLE,syrups,Private Label,24 OZ
9999967725,PRIVATE LABEL PANCAKE SYR,syrups,Private Label,12 OZ
9999967727,PRIVATE LABEL SYRUP PLAST,syrups,Private Label,24 OZ
9999967728,PRIVATE LABEL LITE PANCAK,syrups,Private Label,24 OZ
9999967739,PRIVATE LABEL LITE PANCAK,syrups,Private Label,36 OZ
9999968191,PRIVATE LABEL ORIG SPAG S,pasta sauce,Private Label,48 OZ
9999968192,PRIVATE LABEL ORIG SPAG S,pasta sauce,Private Label,48 OZ
9999968193,PRIVATE LABEL ORIG SPAG S,pasta sauce,Private Label,48 OZ
9999969367,PRIVATE LABEL LT CORN SYR,syrups,Private Label,32 OZ
9999969753,PRIVATE LABEL HM STY SPAG,pasta sauce,Private Label,48 OZ
9999969754,PRIVATE LABEL HM STY SPAG,pasta sauce,Private Label,48 OZ
9999969755,PRIVATE LABEL HM STY SPAG,pasta sauce,Private Label,3 LB
9999970114,PRIVATE LABEL DARK CORN S,syrups,Private Label,16 OZ
9999971055,PRIVATE LABEL 5 CHEESE PA,pasta sauce,Private Label,26 OZ
9999971291,PRIVATE LABEL CHUNKY SPAG,pasta sauce,Private Label,26 OZ
9999971292,PRIVATE LABEL SPAGETTI SC,pasta sauce,Private Label,26 OZ
9999971297,PRIVATE LABEL CHNKY SAUC,pasta sauce,Private Label,26 OZ
9999971306,PRIVATE LABEL HS SPAG SAU,pasta sauce,Private Label,26 OZ
9999971308,PRIVATE LABEL HS SPAG SCA,pasta sauce,Private Label,26 OZ
9999971309,PRIVATE LABEL HS SPAG SCA,pasta sauce,Private Label,26 OZ
9999971687,PRIVATE LABEL PASTA SCE G,pasta sauce,Private Label,26    OZ
9999971694,PRIVATE LABEL VIDALIA ON&,pasta sauce,Private Label,26 OZ
9999971884,PRIVATE LABEL IMITATION T,syrups,Private Label,24    OZ
9999972255,PRIVATE LABEL LITE PANCAK,syrups,Private Label,12 OZ
9999973092,PRIVATE LABEL FF PASTA SC,pasta sauce,Private Label,26 OZ
9999973093,PRIVATE LABEL FF PASTA SC,pasta sauce,Private Label,26 OZ
9999973094,PRIVATE LABEL FF PASTA SC,pasta sauce,Private Label,26 OZ
9999973863,PRIVATE LABEL LT CORN SYR,syrups,Private Label,32 OZ
9999981140,PRIVATE LABEL 3 MUSHROOM,pasta sauce,Private Label,26 OZ
9999981141,PRIVATE LABEL PASTA SAUCE,pasta sauce,Private Label,26 OZ
9999981142,PRIVATE LABEL PASTA SCE T,pasta sauce,Private Label,26 OZ
9999981143,PRIVATE LABEL VID ONION/P,pasta sauce,Private Label,26 OZ
9999981144,PRIVATE LABEL GARLIC/SUNT,pasta sauce,Private Label,26 OZ
9999981173,PRIVATE LABEL ELBOW MACAR,pasta,Private Label,4 LB
9999981174,PRIVATE LABEL SPAGHETTI,pasta,Private Label,4 LB
9999981175,PRIVATE LABEL X WIDE EGG,pasta,Private Label,1 LB
9999981556,PRIVATE LABEL TRADITIONAL,pasta sauce,Private Label,26.50 OZ
9999981580,PRIVATE LABEL SPAG SCE TR,pasta sauce,Private Label,26.50 OZ
9999981581,PRIVATE LABEL SPAG SCE MU,pasta sauce,Private Label,26.50 OZ
9999981582,PRIVATE LABEL SPAG SCE ME,pasta sauce,Private Label,26.50 OZ
9999981583,PRIVATE LABEL CLS ITL RST,pasta sauce,Private Label,26 OZ
9999981584,PRIVATE LABEL SPAG SCE FO,pasta sauce,Private Label,26    OZ
9999981585,PRIVATE LABEL CLS ITL GRL,pasta sauce,Private Label,26.5 OZ
9999981586,PRIVATE LABEL BRUSCHETTA,pasta sauce,Private Label,17 OZ
9999981587,PRIVATE LABEL BRUSCHETA W,pasta sauce,Private Label,17 OZ
9999981588,PRIVATE LABEL TAPENADE-GR,pasta sauce,Private Label,10 OZ
9999981816,PRIVATE LABEL MAPLE SYRUP,syrups,Private Label,12 OZ
9999981821,PRIVATE LABEL 100% PURE M,syrups,Private Label,8 OZ
9999982583,PRIVATE LABEL ELBOW MACAR,pasta,Private Label,2 LB
9999982584,PRIVATE LABEL SPAGETTI,pasta,Private Label,2 LB
9999984346,PRIVATE LABEL PANCAKE & W,pancake mix,Private Label,2 LB
9999984381,PRIVATE LABEL FARFALLE BO,pasta,Private Label,12 OZ
9999984489,PRIVATE LABEL BLK OLIVE T,pasta sauce,Private Label,10 OZ
9999985001,PRIVATE LABEL THIN SPAGHE,pasta,Private Label,N     7
9999985002,PRIVATE LABEL ELBOW MACAR,pasta,Private Label,8 OZ
9999985003,PRIVATE LABEL LEMON PEPPE,pasta,Private Label,12 OZ
9999985004,PRIVATE LABEL SPAGHETTI R,pasta,Private Label,16 OZ
9999985005,PRIVATE LABEL SPAGHETTI R,pasta,Private Label,32OZ
9999985006,PRIVATE LABEL SPAGHETTI R,pasta,Private Label,48 OZ
9999985020,PRIVATE LABEL THIN SPAGHE,pasta,Private Label,16 OZ
9999985021,PRIVATE LABEL ELBO MACARO,pasta,Private Label,16 OZ
9999985027,PRIVATE LABEL LASAGNA PAS,pasta,Private Label,16 OZ
9999985028,PRIVATE LABEL RIGATONI,pasta,Private Label,16 OZ
9999985029,PRIVATE LABEL FETTUCCINI,pasta,Private Label,12 OZ
9999985031,PRIVATE LABEL CAPELLINI A,pasta,Private Label,16 OZ
9999985032,PRIVATE LABEL LINGUINE SP,pasta,Private Label,16 OZ
9999985033,PRIVATE LABEL PENNE RIGAT,pasta,Private Label,16 OZ
9999985036,PRIVATE LABEL SPAGHETTI P,pasta,Private Label,16 OZ
9999985037,PRIVATE LABEL SPAGHETTINI,pasta,Private Label,16 OZ
9999985038,PRIVATE LABEL FETTUCCINE,pasta,Private Label,16 OZ
9999985039,PRIVATE LABEL BUCATINI PE,pasta,Private Label,16 OZ
9999985040,PRIVATE LABEL GEMELLI MAC,pasta,Private Label,16 OZ
9999985045,PRIVATE LABEL ORECCHIETTE,pasta,Private Label,16 OZ
9999985046,PRIVATE LABEL PENNE LISCE,pasta,Private Label,16 OZ
9999985047,PRIVATE LABEL PENNE RIGAT,pasta,Private Label,16 OZ
9999985048,PRIVATE LABEL FARFALLE BO,pasta,Private Label,16 OZ
9999985049,PRIVATE LABEL RIGATONI(MA,pasta,Private Label,16 OZ
9999985050,PRIVATE LABEL FUSILLI-ROT,pasta,Private Label,16 OZ
9999985051,PRIVATE LABEL SPAGHETTI T,pasta,Private Label,32OZ
9999985052,PRIVATE LABEL ELBOW MACAR,pasta,Private Label,32 OZ
9999985053,PRIVATE LABEL CONCHIGLIE,pasta,Private Label,16 OZ
9999985054,PRIVATE LABEL CAMPANELLE,pasta,Private Label,16 OZ
9999985055,PRIVATE LABEL TORTIGLIONI,pasta,Private Label,16 OZ
9999985056,PRIVATE LABEL CAVATAPPI P,pasta,Private Label,16 OZ
9999985058,PRIVATE LABEL DITALLINI M,pasta,Private Label,16 OZ
9999985059,PRIVATE LABEL STARS MACAR,pasta,Private Label,16 OZ
9999985060,PRIVATE LABEL THIN SPAGHE,pasta,Private Label,48 OZ
9999985061,PRIVATE LABEL ELBOW MACAR,pasta,Private Label,48 OZ
9999985066,PRIVATE LABEL ACINI DE PE,pasta,Private Label,16 OZ
9999985067,PRIVATE LABEL VERMICELLI,pasta,Private Label,16 OZ
9999985068,PRIVATE LABEL ANGEL HAIR,pasta,Private Label,16 OZ
9999985070,PRIVATE LABEL SALAD SHELL,pasta,Private Label,16 OZ
9999985071,PRIVATE LABEL SALAD ROTIN,pasta,Private Label,16 OZ
9999985072,PRIVATE LABEL RAINBOW SAL,pasta,Private Label,12 OZ
9999985093,PRIVATE LABEL ORZO MACARO,pasta,Private Label,16 OZ
9999985126,PRIVATE LABEL EXTRA WIDE,pasta,Private Label,16 OZ
9999985127,PRIVATE LABEL WIDE EGG NO,pasta,Private Label,16 OZ
9999985128,PRIVATE LABEL MEDIUM NOOD,pasta,Private Label,16 OZ
9999985130,PRIVATE LABEL RST GARLIC,pasta,Private Label,12 OZ
9999985131,PRIVATE LABEL IMPORTED LA,pasta,Private Label,16 OZ
9999985132,PRIVATE LABEL YOLK FREE N,pasta,Private Label,12 OZ
9999985133,PRIVATE LABEL SPAGHETTI,pasta,Private Label,8 OZ
9999985134,PRIVATE LABEL LINGUINE,pasta,Private Label,16 OZ
9999985137,PRIVATE LABEL ITALIAN MAN,pasta,Private Label,8.8 OZ
9999985165,PRIVATE LABEL BOWTIES,pasta,Private Label,12 OZ
9999985215,PRIVATE LABEL GEMELLI,pasta,Private Label,16 OZ
9999985216,PRIVATE LABEL ORZO,pasta,Private Label,16 OZ
9999985217,PRIVATE LABEL ALPHABETS,pasta,Private Label,16 OZ
9999985260,PRIVATE LABEL COMPLETE PA,pancake mix,Private Label,32 OZ
9999985261,PRIVATE LABEL COMPLETE PA,pancake mix,Private Label,2 LB
9999985488,PRIVATE LABEL ITAL NESTED,pasta,Private Label,16 OZ
9999985766,PRIVATE LABEL ITALIAN TRI,pasta,Private Label,16 OZ
